,school_name,address,postal_code,dgp_code,zone_code,cluster_code,type_code,nature_code,session_code,mainlevel_code,sap_ind,autonomous_ind,gifted_ind,ip_ind,sch_lat,sch_lon,dist_centre,type_primary,type_secondary,type_juniorcollege,type_polytechnic,type_university
0,NATIONAL JUNIOR COLLEGE,37 HILLCREST ROAD,288913,BUKIT TIMAH,SOUTH,SOUTH 3,GOVERNMENT SCHOOL,CO-ED SCHOOL,FULL DAY,MIXED LEVEL,No,No,No,Yes,1.3302929,103.8041109,7.3755,0,0,1,0,0
1,TEMASEK JUNIOR COLLEGE,22 BEDOK SOUTH ROAD,469278,BEDOK,EAST,EAST 2,GOVERNMENT SCHOOL,CO-ED SCHOOL,FULL DAY,MIXED LEVEL,No,No,No,Yes,1.3184928,103.9355673,10.1093,0,0,1,0,0
2,VICTORIA JUNIOR COLLEGE,20 MARINE VISTA,449035,BEDOK,EAST,EAST 7,GOVERNMENT SCHOOL,CO-ED SCHOOL,FULL DAY,JUNIOR COLLEGE,No,No,No,Yes,1.3067018,103.9199828,8.0266,0,0,1,0,0
3,EUNOIA JUNIOR COLLEGE,53 MOUNT SINAI ROAD,276880,BISHAN,NORTH,NORTH 1,GOVERNMENT SCHOOL,CO-ED SCHOOL,FULL DAY,JUNIOR COLLEGE,No,No,No,Yes,1.3135221,103.7870186,7.8912,0,0,1,0,0
4,ANDERSON SERANGOON JUNIOR COLLEGE,4500 ANG MO KIO AVENUE 6,569843,ANG MO KIO,NORTH,NORTH 5,GOVERNMENT SCHOOL,CO-ED SCHOOL,FULL DAY,JUNIOR COLLEGE,No,No,No,No,1.3789441,103.8457609,10.591,0,0,1,0,0
5,YISHUN INNOVA JUNIOR COLLEGE,3 YISHUN RING ROAD,768675,YISHUN,NORTH,NORTH 8,GOVERNMENT SCHOOL,CO-ED SCHOOL,FULL DAY,JUNIOR COLLEGE,No,No,No,No,1.4242643,103.8300253,15.7943,0,0,1,0,0
6,TAMPINES MERIDIAN JUNIOR COLLEGE,21 PASIR RIS STREET 71,518799,PASIR RIS,EAST,EAST 1,GOVERNMENT SCHOOL,CO-ED SCHOOL,FULL DAY,JUNIOR COLLEGE,No,No,No,No,1.3763335,103.9369907,14.0029,0,0,1,0,0
7,JURONG PIONEER JUNIOR COLLEGE,21 TECK WHYE WALK,688258,CHOA CHU KANG,WEST,WEST 2,GOVERNMENT SCHOOL,CO-ED SCHOOL,FULL DAY,JUNIOR COLLEGE,No,No,No,No,1.3843741,103.7543746,15.5417,0,0,1,0,0
8,CATHOLIC JUNIOR COLLEGE,129 WHITLEY ROAD,297822,NOVENA,SOUTH,SOUTH 5,GOVERNMENT-AIDED SCH,CO-ED SCHOOL,FULL DAY,JUNIOR COLLEGE,No,No,No,No,1.3245561,103.8350288,4.879,0,0,1,0,0
9,ANGLO-CHINESE JUNIOR COLLEGE,25 DOVER CLOSE EAST,139745,QUEENSTOWN,WEST,WEST 1,GOVERNMENT-AIDED SCH,CO-ED SCHOOL,FULL DAY,JUNIOR COLLEGE,No,No,No,No,1.3030426,103.7853584,7.657,0,0,1,0,0
10,ST. ANDREW'S JUNIOR COLLEGE,5 SORBY ADAMS DRIVE,357691,TOA PAYOH,SOUTH,SOUTH 5,GOVERNMENT-AIDED SCH,CO-ED SCHOOL,FULL DAY,JUNIOR COLLEGE,No,No,No,No,1.3330652,103.8635764,5.6311,0,0,1,0,0
11,NANYANG JUNIOR COLLEGE,128 SERANGOON AVENUE 3,556111,SERANGOON,SOUTH,SOUTH 6,GOVERNMENT-AIDED SCH,CO-ED SCHOOL,FULL DAY,JUNIOR COLLEGE,No,No,No,No,1.3502831,103.8664987,7.5698,0,0,1,0,0
12,HWA CHONG INSTITUTION,661 BUKIT TIMAH ROAD,269734,BUKIT TIMAH,WEST,WEST 1,INDEPENDENT SCHOOL,CO-ED SCHOOL,SINGLE SESSION,MIXED LEVEL,Yes,No,No,Yes,1.3258887,103.8007472,7.3256,0,0,1,0,0
13,MILLENNIA INSTITUTE,60 BUKIT BATOK WEST AVENUE 8,658965,BUKIT BATOK,WEST,WEST 7,GOVERNMENT SCHOOL,CO-ED SCHOOL,FULL DAY,CENTRALISED INSTITUTE,No,No,No,No,1.3503193,103.7415936,14.281,0,0,1,0,0
14,BUKIT PANJANG PRIMARY SCHOOL,109 CASHEW ROAD,679676,BUKIT PANJANG,WEST,WEST 8,GOVERNMENT SCHOOL,CO-ED SCHOOL,SINGLE SESSION,PRIMARY,No,No,No,No,1.3736218,103.7693749,13.5275,1,0,0,0,0
15,HAIG GIRLS' SCHOOL,51 KOON SENG ROAD,427072,GEYLANG,EAST,EAST 5,GOVERNMENT SCHOOL,GIRLS' SCHOOL,SINGLE SESSION,PRIMARY,No,No,No,No,1.3119434,103.9029026,6.5117,1,0,0,0,0
16,TECK WHYE PRIMARY SCHOOL,11 TECK WHYE WALK,688261,CHOA CHU KANG,WEST,WEST 5,GOVERNMENT SCHOOL,CO-ED SCHOOL,SINGLE SESSION,PRIMARY,No,No,No,No,1.38365,103.7532919,15.5681,1,0,0,0,0
17,JURONG PRIMARY SCHOOL,320 JURONG EAST STREET 32,609476,JURONG EAST,WEST,WEST 4,GOVERNMENT SCHOOL,CO-ED SCHOOL,SINGLE SESSION,PRIMARY,No,No,No,No,1.3486002,103.7331566,14.9991,1,0,0,0,0
18,QUEENSTOWN PRIMARY SCHOOL,310 MARGARET DR,149303,QUEENSTOWN,SOUTH,SOUTH 2,GOVERNMENT SCHOOL,CO-ED SCHOOL,SINGLE SESSION,PRIMARY,No,No,No,No,1.2955937,103.8075486,5.0576,1,0,0,0,0
19,RADIN MAS PRIMARY SCHOOL,1 BUKIT PURMEI AVENUE,99840,BUKIT MERAH,SOUTH,SOUTH 4,GOVERNMENT SCHOOL,CO-ED SCHOOL,SINGLE SESSION,PRIMARY,No,No,No,No,1.2749582,103.8241883,3.1958,1,0,0,0,0
20,RAFFLES GIRLS' PRIMARY SCHOOL,21 HILLCREST ROAD,289072,BUKIT TIMAH,SOUTH,SOUTH 3,GOVERNMENT SCHOOL,GIRLS' SCHOOL,SINGLE SESSION,PRIMARY,No,No,Yes,No,1.3294043,103.8064429,7.1219,1,0,0,0,0
21,ROSYTH SCHOOL,21 SERANGOON NORTH AVENUE 4,555855,SERANGOON,NORTH,NORTH 1,GOVERNMENT SCHOOL,CO-ED SCHOOL,SINGLE SESSION,PRIMARY,No,No,Yes,No,1.3728907,103.8750015,10.2376,1,0,0,0,0
22,DAMAI PRIMARY SCHOOL,52 BEDOK RESERVOIR CRESCENT,479226,BEDOK,EAST,EAST 4,GOVERNMENT SCHOOL,CO-ED SCHOOL,SINGLE SESSION,PRIMARY,No,No,No,No,1.3354611,103.9212702,9.6481,1,0,0,0,0
23,FUHUA PRIMARY SCHOOL,65 JURONG EAST STREET 13,609647,JURONG EAST,WEST,WEST 7,GOVERNMENT SCHOOL,CO-ED SCHOOL,SINGLE SESSION,PRIMARY,No,No,No,No,1.3365039,103.7361037,14.1032,1,0,0,0,0
24,WOODLANDS PRIMARY SCHOOL,10 WOODLANDS DRIVE 50,738853,WOODLANDS,NORTH,NORTH 7,GOVERNMENT SCHOOL,CO-ED SCHOOL,SINGLE SESSION,PRIMARY,No,No,No,No,1.4365511,103.7915705,18.2403,1,0,0,0,0
25,EUNOS PRIMARY SCHOOL,95 JALAN EUNOS,419529,GEYLANG,EAST,EAST 4,GOVERNMENT SCHOOL,CO-ED SCHOOL,SINGLE SESSION,PRIMARY,No,No,No,No,1.3244763,103.9045413,7.4269,1,0,0,0,0
26,HENRY PARK PRIMARY SCHOOL,1 HOLLAND GROVE ROAD,278790,BUKIT TIMAH,WEST,WEST 1,GOVERNMENT SCHOOL,CO-ED SCHOOL,SINGLE SESSION,PRIMARY,No,No,Yes,No,1.3166765,103.7842962,8.315,1,0,0,0,0
27,BENDEMEER PRIMARY SCHOOL,91 BENDEMEER ROAD,339948,KALLANG,SOUTH,SOUTH 5,GOVERNMENT SCHOOL,CO-ED SCHOOL,SINGLE SESSION,PRIMARY,No,No,No,No,1.3218125,103.8654042,4.4915,1,0,0,0,0
28,CORPORATION PRIMARY SCHOOL,31 JURONG WEST STREET 24,648347,JURONG WEST,WEST,WEST 3,GOVERNMENT SCHOOL,CO-ED SCHOOL,SINGLE SESSION,PRIMARY,No,No,No,No,1.3509978,103.7075937,17.6573,1,0,0,0,0
29,YIO CHU KANG PRIMARY SCHOOL,1 HOUGANG STREET 51,538720,HOUGANG,NORTH,NORTH 3,GOVERNMENT SCHOOL,CO-ED SCHOOL,SINGLE SESSION,PRIMARY,No,No,No,No,1.3779326,103.8856437,11.127,1,0,0,0,0
30,BLANGAH RISE PRIMARY SCHOOL,91 TELOK BLANGAH HEIGHTS,109100,BUKIT MERAH,SOUTH,SOUTH 2,GOVERNMENT SCHOOL,CO-ED SCHOOL,SINGLE SESSION,PRIMARY,No,No,No,No,1.2761205,103.8086285,4.8453,1,0,0,0,0
31,ANG MO KIO PRIMARY SCHOOL,20 ANG MO KIO AVENUE 3,569920,ANG MO KIO,SOUTH,SOUTH 1,GOVERNMENT SCHOOL,CO-ED SCHOOL,SINGLE SESSION,PRIMARY,No,No,No,No,1.3693218,103.8396309,9.5927,1,0,0,0,0
32,MAYFLOWER PRIMARY SCHOOL,200 ANG MO KIO AVE 5,569878,ANG MO KIO,SOUTH,SOUTH 1,GOVERNMENT SCHOOL,CO-ED SCHOOL,SINGLE SESSION,PRIMARY,No,No,No,No,1.3763768,103.8432528,10.327,1,0,0,0,0
33,TECK GHEE PRIMARY SCHOOL,1 ANG MO KIO STREET 32,569299,ANG MO KIO,SOUTH,SOUTH 7,GOVERNMENT SCHOOL,CO-ED SCHOOL,SINGLE SESSION,PRIMARY,No,No,No,No,1.3655878,103.8509571,9.0863,1,0,0,0,0
34,TEMASEK PRIMARY SCHOOL,501 BEDOK SOUTH AVE 3,469300,BEDOK,EAST,EAST 2,GOVERNMENT SCHOOL,CO-ED SCHOOL,SINGLE SESSION,PRIMARY,No,No,No,No,1.3177068,103.9455907,11.1182,1,0,0,0,0
35,SI LING PRIMARY SCHOOL,61 WOODLANDS AVENUE 1,739067,WOODLANDS,NORTH,NORTH 7,GOVERNMENT SCHOOL,CO-ED SCHOOL,SINGLE SESSION,PRIMARY,No,No,No,No,1.4324094,103.7860351,18.0516,1,0,0,0,0
36,JING SHAN PRIMARY SCHOOL,5 ANG MO KIO ST 52,569228,ANG MO KIO,SOUTH,SOUTH 1,GOVERNMENT SCHOOL,CO-ED SCHOOL,SINGLE SESSION,PRIMARY,No,No,No,No,1.3722329,103.8521322,9.8255,1,0,0,0,0
37,YISHUN PRIMARY SCHOOL,500 YISHUN RING ROAD,768679,YISHUN,NORTH,NORTH 6,GOVERNMENT SCHOOL,CO-ED SCHOOL,SINGLE SESSION,PRIMARY,No,No,No,No,1.433386,103.8340871,16.7397,1,0,0,0,0
38,STAMFORD PRIMARY SCHOOL,1 VICTORIA LANE,198423,CENTRAL,SOUTH,SOUTH 5,GOVERNMENT SCHOOL,CO-ED SCHOOL,SINGLE SESSION,PRIMARY,No,No,No,No,1.3034564,103.8574535,2.2738,1,0,0,0,0
39,FERNVALE PRIMARY SCHOOL,1 FERNVALE LANE,797701,SENG KANG,NORTH,NORTH 3,GOVERNMENT SCHOOL,CO-ED SCHOOL,SINGLE SESSION,PRIMARY,No,No,No,No,1.3903023,103.8744455,12.107,1,0,0,0,0
40,TOWNSVILLE PRIMARY SCHOOL,3 ANG MO KIO AVE 10,569730,ANG MO KIO,SOUTH,SOUTH 7,GOVERNMENT SCHOOL,CO-ED SCHOOL,SINGLE SESSION,PRIMARY,No,No,No,No,1.3600326,103.853826,8.4722,1,0,0,0,0
41,RULANG PRIMARY SCHOOL,6 JURONG WEST STREET 52,649295,JURONG WEST,WEST,WEST 7,GOVERNMENT SCHOOL,CO-ED SCHOOL,DOUBLE SESSION,PRIMARY,No,No,No,No,1.3467387,103.718458,16.3623,1,0,0,0,0
42,QIFA PRIMARY SCHOOL,50 WEST COAST AVENUE,128104,CLEMENTI,WEST,WEST 1,GOVERNMENT SCHOOL,CO-ED SCHOOL,SINGLE SESSION,PRIMARY,No,No,No,No,1.3132515,103.7567432,11.0313,1,0,0,0,0
43,ZHANGDE PRIMARY SCHOOL,51 JALAN MEMBINA,169485,BUKIT MERAH,SOUTH,SOUTH 4,GOVERNMENT SCHOOL,CO-ED SCHOOL,SINGLE SESSION,PRIMARY,No,No,No,No,1.2842115,103.8259519,2.8412,1,0,0,0,0
44,TAMPINES PRIMARY SCHOOL,250 TAMPINES STREET 12,529426,TAMPINES,EAST,EAST 6,GOVERNMENT SCHOOL,CO-ED SCHOOL,SINGLE SESSION,PRIMARY,No,No,No,No,1.3497787,103.9440047,12.6297,1,0,0,0,0
45,CHONGZHENG PRIMARY SCHOOL,1 TAMPINES STREET 21,529392,TAMPINES,EAST,EAST 3,GOVERNMENT SCHOOL,CO-ED SCHOOL,SINGLE SESSION,PRIMARY,No,No,No,No,1.3507074,103.9513995,13.3651,1,0,0,0,0
46,XINGHUA PRIMARY SCHOOL,45 HOUGANG AVENUE 1,538882,HOUGANG,SOUTH,SOUTH 6,GOVERNMENT SCHOOL,CO-ED SCHOOL,SINGLE SESSION,PRIMARY,No,No,No,No,1.3579089,103.890465,9.3027,1,0,0,0,0
47,JIEMIN PRIMARY SCHOOL,2 YISHUN STREET 71,768515,YISHUN,NORTH,NORTH 2,GOVERNMENT SCHOOL,CO-ED SCHOOL,SINGLE SESSION,PRIMARY,No,No,No,No,1.4276862,103.8304279,16.1641,1,0,0,0,0
48,FUCHUN PRIMARY SCHOOL,23 WOODLANDS AVENUE 1,739063,WOODLANDS,NORTH,NORTH 7,GOVERNMENT SCHOOL,CO-ED SCHOOL,SINGLE SESSION,PRIMARY,No,No,No,No,1.4304799,103.7781929,18.2283,1,0,0,0,0
49,BUKIT VIEW PRIMARY SCHOOL,18 BUKIT BATOK STREET 21,659634,BUKIT BATOK,WEST,WEST 4,GOVERNMENT SCHOOL,CO-ED SCHOOL,SINGLE SESSION,PRIMARY,No,No,No,No,1.3458605,103.753666,12.8785,1,0,0,0,0
50,CEDAR PRIMARY SCHOOL,15 CEDAR AVENUE,349700,TOA PAYOH,SOUTH,SOUTH 6,GOVERNMENT SCHOOL,,,PRIMARY,No,No,No,No,1.3355884,103.8756208,6.3442,1,0,0,0,0
51,OPERA ESTATE PRIMARY SCHOOL,48 FIDELIO STREET,458436,BEDOK,EAST,EAST 7,GOVERNMENT SCHOOL,CO-ED SCHOOL,SINGLE SESSION,PRIMARY,No,No,No,No,1.3193191,103.9237883,8.952,1,0,0,0,0
52,RIVER VALLEY PRIMARY SCHOOL,2 RIVER VALLEY GREEN,237993,CENTRAL,SOUTH,SOUTH 4,GOVERNMENT SCHOOL,CO-ED SCHOOL,SINGLE SESSION,PRIMARY,No,No,No,No,1.2942233,103.8358152,2.0882,1,0,0,0,0
53,TELOK KURAU PRIMARY SCHOOL,50 BEDOK RESERVOIR RD,479239,BEDOK,EAST,EAST 4,GOVERNMENT SCHOOL,CO-ED SCHOOL,SINGLE SESSION,PRIMARY,No,No,No,No,1.3310459,103.910934,8.4368,1,0,0,0,0
54,YUMIN PRIMARY SCHOOL,3 TAMPINES STREET 21,529393,TAMPINES,EAST,EAST 3,GOVERNMENT SCHOOL,CO-ED SCHOOL,SINGLE SESSION,PRIMARY,No,No,No,No,1.3512918,103.9504619,13.3151,1,0,0,0,0
55,SHUQUN PRIMARY SCHOOL,8 JURONG WEST STREET 51,649332,JURONG WEST,WEST,WEST 7,GOVERNMENT SCHOOL,CO-ED SCHOOL,SINGLE SESSION,PRIMARY,No,No,No,No,1.3476531,103.7215237,16.0993,1,0,0,0,0
56,GAN ENG SENG PRIMARY SCHOOL,100 REDHILL CLOSE,158901,BUKIT MERAH,SOUTH,SOUTH 4,GOVERNMENT SCHOOL,CO-ED SCHOOL,SINGLE SESSION,PRIMARY,No,No,No,No,1.2855952,103.8155474,4.0024,1,0,0,0,0
57,GONGSHANG PRIMARY SCHOOL,1 TAMPINES STREET 42,529176,TAMPINES,EAST,EAST 3,GOVERNMENT SCHOOL,CO-ED SCHOOL,SINGLE SESSION,PRIMARY,No,No,No,No,1.3572372,103.9491161,13.5783,1,0,0,0,0
58,HUAMIN PRIMARY SCHOOL,530 YISHUN RING ROAD,768680,YISHUN,NORTH,NORTH 6,GOVERNMENT SCHOOL,CO-ED SCHOOL,SINGLE SESSION,PRIMARY,No,No,No,No,1.4269728,103.8442402,15.9344,1,0,0,0,0
59,XISHAN PRIMARY SCHOOL,8 YISHUN STREET 21,768611,YISHUN,NORTH,NORTH 2,GOVERNMENT SCHOOL,CO-ED SCHOOL,SINGLE SESSION,PRIMARY,No,No,No,No,1.4334719,103.8377553,16.7069,1,0,0,0,0
60,PRINCESS ELIZABETH PRIMARY SCHOOL,30 BUKIT BATOK WEST AVENUE 3,659163,BUKIT BATOK,WEST,WEST 7,GOVERNMENT SCHOOL,CO-ED SCHOOL,SINGLE SESSION,PRIMARY,No,No,No,No,1.3492035,103.7410196,14.2721,1,0,0,0,0
61,DAZHONG PRIMARY SCHOOL,35 BUKIT BATOK STREET 31,659441,BUKIT BATOK,WEST,WEST 4,GOVERNMENT SCHOOL,CO-ED SCHOOL,SINGLE SESSION,PRIMARY,No,No,No,No,1.3591797,103.7484721,14.1905,1,0,0,0,0
62,BEDOK GREEN PRIMARY SCHOOL,1 BEDOK SOUTH AVE 2,469317,BEDOK,EAST,EAST 2,GOVERNMENT SCHOOL,CO-ED SCHOOL,SINGLE SESSION,PRIMARY,No,No,No,No,1.3234459,103.937879,10.5647,1,0,0,0,0
63,LIANHUA PRIMARY SCHOOL,2 BUKIT BATOK STREET 52,659243,BUKIT BATOK,WEST,WEST 4,GOVERNMENT SCHOOL,CO-ED SCHOOL,SINGLE SESSION,PRIMARY,No,No,No,No,1.3542419,103.7541658,13.3554,1,0,0,0,0
64,ZHONGHUA PRIMARY SCHOOL,12 SERANGOON AVENUE 4,556095,SERANGOON,SOUTH,SOUTH 6,GOVERNMENT SCHOOL,CO-ED SCHOOL,SINGLE SESSION,PRIMARY,No,No,No,No,1.3602033,103.8697624,8.7268,1,0,0,0,0
65,PEIYING PRIMARY SCHOOL,651 YISHUN RING ROAD,768687,YISHUN,NORTH,NORTH 6,GOVERNMENT SCHOOL,CO-ED SCHOOL,SINGLE SESSION,PRIMARY,No,No,No,No,1.4172334,103.8304171,15.0148,1,0,0,0,0
66,KEMING PRIMARY SCHOOL,90 BUKIT BATOK EAST AVENUE 6,659762,BUKIT BATOK,WEST,WEST 4,GOVERNMENT SCHOOL,CO-ED SCHOOL,SINGLE SESSION,PRIMARY,No,No,No,No,1.3455285,103.7564494,12.5979,1,0,0,0,0
67,CHANGKAT PRIMARY SCHOOL,11 SIMEI ST 3,529896,TAMPINES,EAST,EAST 4,GOVERNMENT SCHOOL,CO-ED SCHOOL,SINGLE SESSION,PRIMARY,No,No,No,No,1.3402316,103.9520801,12.8201,1,0,0,0,0
68,ZHENGHUA PRIMARY SCHOOL,9 FAJAR ROAD,679002,BUKIT PANJANG,WEST,WEST 5,GOVERNMENT SCHOOL,CO-ED SCHOOL,SINGLE SESSION,PRIMARY,No,No,No,No,1.3795489,103.7693135,14.0254,1,0,0,0,0
69,SOUTH VIEW PRIMARY SCHOOL,6 CHOA CHU KANG CENTRAL,689762,CHOA CHU KANG,WEST,WEST 2,GOVERNMENT SCHOOL,CO-ED SCHOOL,SINGLE SESSION,PRIMARY,No,No,No,No,1.3816666,103.7462758,15.974,1,0,0,0,0
70,PASIR RIS PRIMARY SCHOOL,5 PASIR RIS STREET 21,518968,PASIR RIS,EAST,EAST 6,GOVERNMENT SCHOOL,CO-ED SCHOOL,SINGLE SESSION,PRIMARY,No,No,No,No,1.3724187,103.9628072,15.8158,1,0,0,0,0
71,CHUA CHU KANG PRIMARY SCHOOL,20 CHOA CHU KANG AVENUE 2,689905,CHOA CHU KANG,WEST,WEST 2,GOVERNMENT SCHOOL,CO-ED SCHOOL,SINGLE SESSION,PRIMARY,No,No,No,No,1.3777589,103.7418329,16.0533,1,0,0,0,0
72,GREENRIDGE PRIMARY SCHOOL,11 JELAPANG ROAD,677744,BUKIT PANJANG,WEST,WEST 5,GOVERNMENT SCHOOL,CO-ED SCHOOL,SINGLE SESSION,PRIMARY,No,No,No,No,1.3858892,103.7677945,14.6742,1,0,0,0,0
73,FARRER PARK PRIMARY SCHOOL,2 FARRER PARK ROAD,217567,KALLANG,SOUTH,SOUTH 5,GOVERNMENT SCHOOL,CO-ED SCHOOL,SINGLE SESSION,PRIMARY,No,No,No,No,1.3123686,103.8507662,3.1676,1,0,0,0,0
74,BUKIT TIMAH PRIMARY SCHOOL,111 LORONG KISMIS,598112,BUKIT TIMAH,WEST,WEST 7,GOVERNMENT SCHOOL,CO-ED SCHOOL,SINGLE SESSION,PRIMARY,No,No,No,No,1.3375186,103.7672433,11.1065,1,0,0,0,0
75,LAKESIDE PRIMARY SCHOOL,161 CORPORATION WALK,618310,JURONG WEST,WEST,WEST 7,GOVERNMENT SCHOOL,CO-ED SCHOOL,SINGLE SESSION,PRIMARY,No,No,No,No,1.338204,103.7180895,16.0179,1,0,0,0,0
76,BEACON PRIMARY SCHOOL,36 BUKIT PANJANG RING ROAD,679944,BUKIT PANJANG,WEST,WEST 5,GOVERNMENT SCHOOL,CO-ED SCHOOL,SINGLE SESSION,PRIMARY,No,No,No,No,1.3839493,103.7736319,14.1003,1,0,0,0,0
77,INNOVA PRIMARY SCHOOL,80 WOODLANDS DRIVE 17,737888,WOODLANDS,NORTH,NORTH 8,GOVERNMENT SCHOOL,CO-ED SCHOOL,SINGLE SESSION,PRIMARY,No,No,No,No,1.428967,103.7906075,17.4989,1,0,0,0,0
78,GREENDALE PRIMARY SCHOOL,50 EDGEDALE PLAINS,828848,PUNGGOL,NORTH,NORTH 4,GOVERNMENT SCHOOL,CO-ED SCHOOL,SINGLE SESSION,PRIMARY,No,No,No,No,1.3964876,103.912341,14.2338,1,0,0,0,0
79,ENDEAVOUR PRIMARY SCHOOL,10 ADMIRALTY LINK,757521,SEMBAWANG,NORTH,NORTH 8,GOVERNMENT SCHOOL,CO-ED SCHOOL,SINGLE SESSION,PRIMARY,No,No,No,No,1.4540384,103.8174362,19.2998,1,0,0,0,0
80,NORTH VISTA PRIMARY SCHOOL,20 COMPASSVALE LINK,544974,SENG KANG,NORTH,NORTH 1,GOVERNMENT SCHOOL,CO-ED SCHOOL,SINGLE SESSION,PRIMARY,No,No,No,No,1.3828224,103.8959619,12.0629,1,0,0,0,0
81,ANCHOR GREEN PRIMARY SCHOOL,31 ANCHORVALE DRIVE,544969,SENG KANG,NORTH,NORTH 3,GOVERNMENT SCHOOL,CO-ED SCHOOL,SINGLE SESSION,PRIMARY,No,No,No,No,1.3903701,103.8871654,12.4891,1,0,0,0,0
82,HORIZON PRIMARY SCHOOL,61 EDGEDALE PLAINS,828819,PUNGGOL,NORTH,NORTH 4,GOVERNMENT SCHOOL,CO-ED SCHOOL,SINGLE SESSION,PRIMARY,No,No,No,No,1.39955,103.9134049,14.5898,1,0,0,0,0
83,CANTONMENT PRIMARY SCHOOL,1 CANTONMENT CLOSE,88256,BUKIT MERAH,SOUTH,SOUTH 4,GOVERNMENT SCHOOL,CO-ED SCHOOL,SINGLE SESSION,PRIMARY,No,No,No,No,1.2754725,103.8399626,1.5889,1,0,0,0,0
84,FRONTIER PRIMARY SCHOOL,20 JURONG WEST STREET 61,648200,JURONG WEST,WEST,WEST 3,GOVERNMENT SCHOOL,CO-ED SCHOOL,SINGLE SESSION,PRIMARY,No,No,No,No,1.336413,103.6997017,17.8621,1,0,0,0,0
85,WESTWOOD PRIMARY SCHOOL,1 JURONG WEST STREET 73,649188,JURONG WEST,WEST,WEST 8,GOVERNMENT SCHOOL,CO-ED SCHOOL,SINGLE SESSION,PRIMARY,No,No,No,No,1.3471846,103.7005342,18.2035,1,0,0,0,0
86,PUNGGOL GREEN PRIMARY SCHOOL,98 PUNGGOL WALK,828772,PUNGGOL,EAST,EAST 1,GOVERNMENT SCHOOL,CO-ED SCHOOL,SINGLE SESSION,PRIMARY,No,No,No,No,1.4018722,103.8988013,14.137,1,0,0,0,0
87,PUNGGOL VIEW PRIMARY SCHOOL,9 PUNGGOL PLACE,828845,PUNGGOL,EAST,EAST 1,GOVERNMENT SCHOOL,CO-ED SCHOOL,SINGLE SESSION,PRIMARY,No,No,No,No,1.4051458,103.9051564,14.7471,1,0,0,0,0
88,SENGKANG GREEN PRIMARY SCHOOL,15 FERNVALE ROAD,797636,SENG KANG,EAST,EAST 3,GOVERNMENT SCHOOL,CO-ED SCHOOL,SINGLE SESSION,PRIMARY,No,No,No,No,1.3928461,103.8752177,12.4017,1,0,0,0,0
89,SPRINGDALE PRIMARY SCHOOL,71 ANCHORVALE LINK,544799,SENG KANG,EAST,EAST 3,GOVERNMENT SCHOOL,CO-ED SCHOOL,SINGLE SESSION,PRIMARY,No,No,No,No,1.3946701,103.8899262,13.0409,1,0,0,0,0
90,PALM VIEW PRIMARY SCHOOL,150 COMPASSVALE BOW,544822,SENG KANG,NORTH,NORTH 1,GOVERNMENT SCHOOL,CO-ED SCHOOL,SINGLE SESSION,PRIMARY,No,No,No,No,1.3837692,103.8913547,11.9599,1,0,0,0,0
91,RIVERSIDE PRIMARY SCHOOL,110 WOODLANDS CRESCENT,737803,WOODLANDS,NORTH,NORTH 7,GOVERNMENT SCHOOL,CO-ED SCHOOL,SINGLE SESSION,PRIMARY,No,No,No,No,1.4470473,103.801832,18.9687,1,0,0,0,0
92,WEST SPRING PRIMARY SCHOOL,60 BUKIT PANJANG RING ROAD,679946,BUKIT PANJANG,WEST,WEST 6,GOVERNMENT SCHOOL,CO-ED SCHOOL,SINGLE SESSION,PRIMARY,No,No,No,No,1.3894415,103.7661957,15.0928,1,0,0,0,0
93,ALEXANDRA PRIMARY SCHOOL,2A PRINCE CHARLES CRESCENT,159016,BUKIT MERAH,SOUTH,SOUTH 4,GOVERNMENT SCHOOL,CO-ED SCHOOL,SINGLE SESSION,PRIMARY,No,No,No,No,1.2913344,103.8244247,3.1223,1,0,0,0,0
94,NORTHOAKS PRIMARY SCHOOL,61 SEMBAWANG DRIVE,757622,SEMBAWANG,NORTH,NORTH 8,GOVERNMENT SCHOOL,CO-ED SCHOOL,SINGLE SESSION,PRIMARY,No,No,No,No,1.4566078,103.814197,19.653,1,0,0,0,0
95,ANGSANA PRIMARY SCHOOL,3 TAMPINES STREET 22,529366,TAMPINES,EAST,EAST 3,GOVERNMENT SCHOOL,CO-ED SCHOOL,SINGLE SESSION,PRIMARY,No,No,No,No,1.3485597,103.9518081,13.272,1,0,0,0,0
96,PUNGGOL COVE PRIMARY SCHOOL,52 SUMANG WALK,828674,PUNGGOL,EAST,EAST 1,GOVERNMENT SCHOOL,CO-ED SCHOOL,SINGLE SESSION,PRIMARY,No,No,No,No,1.4115989,103.8988046,15.1467,1,0,0,0,0
97,OASIS PRIMARY SCHOOL,71 EDGEFIELD PLAINS,828716,PUNGGOL,EAST,EAST 6,GOVERNMENT SCHOOL,CO-ED SCHOOL,SINGLE SESSION,PRIMARY,No,No,No,No,1.4046241,103.9111206,14.9756,1,0,0,0,0
98,WATERWAY PRIMARY SCHOOL,70 PUNGGOL DRIVE,828802,PUNGGOL,EAST,EAST 6,GOVERNMENT SCHOOL,CO-ED SCHOOL,SINGLE SESSION,PRIMARY,No,No,No,No,1.398828,103.9186216,14.8029,1,0,0,0,0
99,FERN GREEN PRIMARY SCHOOL,70 FERNVALE LINK,797538,SENG KANG,EAST,EAST 3,GOVERNMENT SCHOOL,CO-ED SCHOOL,SINGLE SESSION,PRIMARY,No,No,No,No,1.3972697,103.8803303,13.0112,1,0,0,0,0
100,FIRST TOA PAYOH PRIMARY SCHOOL,7 LORONG 8 TOA PAYOH,319252,TOA PAYOH,SOUTH,SOUTH 3,GOVERNMENT SCHOOL,CO-ED SCHOOL,SINGLE SESSION,PRIMARY,No,No,No,No,1.340323,103.8555299,6.2919,1,0,0,0,0
101,NEW TOWN PRIMARY SCHOOL,300 TANGLIN HALT ROAD,148812,QUEENSTOWN,SOUTH,SOUTH 2,GOVERNMENT SCHOOL,CO-ED SCHOOL,SINGLE SESSION,PRIMARY,No,No,No,No,1.2996418,103.8001023,5.9777,1,0,0,0,0
102,BOON LAY GARDEN PRIMARY SCHOOL,20 BOON LAY DRIVE,649930,JURONG WEST,WEST,WEST 8,GOVERNMENT SCHOOL,CO-ED SCHOOL,SINGLE SESSION,PRIMARY,No,No,No,No,1.3431785,103.7132809,16.7246,1,0,0,0,0
103,MARSILING PRIMARY SCHOOL,31 WOODLANDS CENTRE ROAD,738927,WOODLANDS,NORTH,NORTH 5,GOVERNMENT SCHOOL,CO-ED SCHOOL,SINGLE SESSION,PRIMARY,No,No,No,No,1.433839,103.773643,18.7909,1,0,0,0,0
104,PEI TONG PRIMARY SCHOOL,15 CLEMENTI AVENUE 5,129857,CLEMENTI,SOUTH,SOUTH 2,GOVERNMENT SCHOOL,CO-ED SCHOOL,SINGLE SESSION,PRIMARY,No,No,No,No,1.3161977,103.7675997,9.9976,1,0,0,0,0
105,YUHUA PRIMARY SCHOOL,158 JURONG EAST STREET 24,609558,JURONG EAST,WEST,WEST 1,GOVERNMENT SCHOOL,CO-ED SCHOOL,SINGLE SESSION,PRIMARY,No,No,No,No,1.3428023,103.7411058,13.9148,1,0,0,0,0
106,FENGSHAN PRIMARY SCHOOL,307 BEDOK NORTH ROAD,469680,BEDOK,EAST,EAST 2,GOVERNMENT SCHOOL,CO-ED SCHOOL,SINGLE SESSION,PRIMARY,No,No,No,No,1.329806,103.9317103,10.2776,1,0,0,0,0
107,YU NENG PRIMARY SCHOOL,56 BEDOK NORTH ST 3,469623,BEDOK,EAST,EAST 2,GOVERNMENT SCHOOL,CO-ED SCHOOL,SINGLE SESSION,PRIMARY,No,No,No,No,1.333889,103.9321503,10.5522,1,0,0,0,0
108,XINMIN PRIMARY SCHOOL,9 HOUGANG AVENUE 8,538784,HOUGANG,NORTH,NORTH 1,GOVERNMENT SCHOOL,CO-ED SCHOOL,SINGLE SESSION,PRIMARY,No,No,No,No,1.3713955,103.8830808,10.3463,1,0,0,0,0
109,YANGZHENG PRIMARY SCHOOL,15 SERANGOON AVENUE 3,556108,SERANGOON,SOUTH,SOUTH 6,GOVERNMENT SCHOOL,CO-ED SCHOOL,SINGLE SESSION,PRIMARY,No,No,No,No,1.3489738,103.8683495,7.4767,1,0,0,0,0
110,JUYING PRIMARY SCHOOL,31 JURONG WEST STREET 91,649037,JURONG WEST,WEST,WEST 3,GOVERNMENT SCHOOL,CO-ED SCHOOL,SINGLE SESSION,PRIMARY,No,No,No,No,1.3390226,103.6877696,19.2116,1,0,0,0,0
111,JUNYUAN PRIMARY SCHOOL,2 TAMPINES STREET 91,528906,TAMPINES,EAST,EAST 2,GOVERNMENT SCHOOL,CO-ED SCHOOL,SINGLE SESSION,PRIMARY,No,No,No,No,1.3478705,103.9392205,12.074,1,0,0,0,0
112,NORTHLAND PRIMARY SCHOOL,15 YISHUN AVENUE 4,769026,YISHUN,NORTH,NORTH 2,GOVERNMENT SCHOOL,CO-ED SCHOOL,SINGLE SESSION,PRIMARY,No,No,No,No,1.4209699,103.8409284,15.2915,1,0,0,0,0
113,NAVAL BASE PRIMARY SCHOOL,7 YISHUN AVE 4,769028,YISHUN,NORTH,NORTH 6,GOVERNMENT SCHOOL,CO-ED SCHOOL,SINGLE SESSION,PRIMARY,No,No,No,No,1.4163066,103.8387941,14.7952,1,0,0,0,0
114,XINGNAN PRIMARY SCHOOL,5 JURONG WEST STREET 91,649036,JURONG WEST,WEST,WEST 3,GOVERNMENT SCHOOL,CO-ED SCHOOL,SINGLE SESSION,PRIMARY,No,No,No,No,1.3425474,103.6879503,19.3214,1,0,0,0,0
115,QIHUA PRIMARY SCHOOL,5 WOODLANDS STREET 81,738525,WOODLANDS,NORTH,NORTH 5,GOVERNMENT SCHOOL,CO-ED SCHOOL,SINGLE SESSION,PRIMARY,No,No,No,No,1.442036,103.7883398,18.9398,1,0,0,0,0
116,GUANGYANG PRIMARY SCHOOL,6 BISHAN STREET 12,579806,BISHAN,SOUTH,SOUTH 7,GOVERNMENT SCHOOL,CO-ED SCHOOL,SINGLE SESSION,PRIMARY,No,No,No,No,1.3456901,103.8494532,6.8767,1,0,0,0,0
117,TAMPINES NORTH PRIMARY SCHOOL,30 TAMPINES AVENUE 9,529565,TAMPINES,EAST,EAST 6,GOVERNMENT SCHOOL,CO-ED SCHOOL,SINGLE SESSION,PRIMARY,No,No,No,No,1.3604764,103.9487258,13.7637,1,0,0,0,0
118,ELIAS PARK PRIMARY SCHOOL,11 PASIR RIS STREET 52,518866,PASIR RIS,EAST,EAST 1,GOVERNMENT SCHOOL,CO-ED SCHOOL,SINGLE SESSION,PRIMARY,No,No,No,No,1.3745127,103.9451281,14.4907,1,0,0,0,0
119,AHMAD IBRAHIM PRIMARY SCHOOL,10 YISHUN STREET 11,768643,YISHUN,NORTH,NORTH 2,GOVERNMENT SCHOOL,CO-ED SCHOOL,SINGLE SESSION,PRIMARY,No,No,No,No,1.4331527,103.8329424,16.7291,1,0,0,0,0
120,NORTH VIEW PRIMARY SCHOOL,210 YISHUN AVENUE 6,768960,YISHUN,NORTH,NORTH 6,GOVERNMENT SCHOOL,CO-ED SCHOOL,SINGLE SESSION,PRIMARY,No,No,No,No,1.4275233,103.8481908,15.9794,1,0,0,0,0
121,PIONEER PRIMARY SCHOOL,23 JURONG WEST STREET 81,649076,JURONG WEST,WEST,WEST 3,GOVERNMENT SCHOOL,CO-ED SCHOOL,SINGLE SESSION,PRIMARY,No,No,No,No,1.3488362,103.6950038,18.8418,1,0,0,0,0
122,PUNGGOL PRIMARY SCHOOL,61 HOUGANG AVENUE 8,538787,HOUGANG,SOUTH,SOUTH 1,GOVERNMENT SCHOOL,CO-ED SCHOOL,SINGLE SESSION,PRIMARY,No,No,No,No,1.3777945,103.8945069,11.4867,1,0,0,0,0
123,PARK VIEW PRIMARY SCHOOL,60 PASIR RIS DRIVE 1,519524,PASIR RIS,EAST,EAST 6,GOVERNMENT SCHOOL,CO-ED SCHOOL,SINGLE SESSION,PRIMARY,No,No,No,No,1.3773807,103.9395417,14.2816,1,0,0,0,0
124,ADMIRALTY PRIMARY SCHOOL,11 WOODLANDS CIRCLE,738907,WOODLANDS,NORTH,NORTH 5,GOVERNMENT SCHOOL,CO-ED SCHOOL,FULL DAY,PRIMARY,No,No,No,No,1.4426348,103.8000401,18.5602,1,0,0,0,0
125,KRANJI PRIMARY SCHOOL,11 CHOA CHU KANG STREET 54,689189,CHOA CHU KANG,WEST,WEST 8,GOVERNMENT SCHOOL,CO-ED SCHOOL,SINGLE SESSION,PRIMARY,No,No,No,No,1.3935605,103.7473627,16.8189,1,0,0,0,0
126,SENG KANG PRIMARY SCHOOL,21 COMPASSVALE WALK,545166,SENG KANG,NORTH,NORTH 1,GOVERNMENT SCHOOL,CO-ED SCHOOL,SINGLE SESSION,PRIMARY,No,No,No,No,1.3894974,103.8997671,12.9138,1,0,0,0,0
127,WOODLANDS RING PRIMARY SCHOOL,11 WOODLANDS RING ROAD,738240,WOODLANDS,NORTH,NORTH 5,GOVERNMENT SCHOOL,CO-ED SCHOOL,SINGLE SESSION,PRIMARY,No,No,No,No,1.4349523,103.7974357,17.8447,1,0,0,0,0
128,WEST VIEW PRIMARY SCHOOL,31 SENJA ROAD,677742,BUKIT PANJANG,WEST,WEST 5,GOVERNMENT SCHOOL,CO-ED SCHOOL,SINGLE SESSION,PRIMARY,No,No,No,No,1.3836758,103.7602404,15.0383,1,0,0,0,0
129,WHITE SANDS PRIMARY SCHOOL,2 PASIR RIS ST 11,519075,PASIR RIS,EAST,EAST 6,GOVERNMENT SCHOOL,CO-ED SCHOOL,SINGLE SESSION,PRIMARY,No,No,No,No,1.3655571,103.9609189,15.1836,1,0,0,0,0
130,UNITY PRIMARY SCHOOL,21 CHOA CHU KANG CRESCENT,688268,CHOA CHU KANG,WEST,WEST 2,GOVERNMENT SCHOOL,CO-ED SCHOOL,SINGLE SESSION,PRIMARY,No,No,No,No,1.4028548,103.7468226,17.6227,1,0,0,0,0
131,CANBERRA PRIMARY SCHOOL,21 ADMIRALTY DRIVE,757714,SEMBAWANG,NORTH,NORTH 7,GOVERNMENT SCHOOL,CO-ED SCHOOL,SINGLE SESSION,PRIMARY,No,No,No,No,1.4513047,103.8158395,19.0379,1,0,0,0,0
132,RIVERVALE PRIMARY SCHOOL,80 RIVERVALE DRIVE,545092,SENG KANG,NORTH,NORTH 1,GOVERNMENT SCHOOL,CO-ED SCHOOL,SINGLE SESSION,PRIMARY,No,No,No,No,1.39341,103.9045595,13.5345,1,0,0,0,0
133,JURONG WEST PRIMARY SCHOOL,30 JURONG WEST ST 61,648368,JURONG WEST,WEST,WEST 3,GOVERNMENT SCHOOL,CO-ED SCHOOL,SINGLE SESSION,PRIMARY,No,No,No,No,1.3391752,103.6988037,18.0588,1,0,0,0,0
134,EAST SPRING PRIMARY SCHOOL,31 TAMPINES ST 33,529258,TAMPINES,EAST,EAST 3,GOVERNMENT SCHOOL,CO-ED SCHOOL,SINGLE SESSION,PRIMARY,No,No,No,No,1.352684,103.9616768,14.4444,1,0,0,0,0
135,EVERGREEN PRIMARY SCHOOL,31 WOODLANDS CIRCLE,738908,WOODLANDS,NORTH,NORTH 5,GOVERNMENT SCHOOL,CO-ED SCHOOL,SINGLE SESSION,PRIMARY,No,No,No,No,1.4441506,103.7945812,18.915,1,0,0,0,0
136,COMPASSVALE PRIMARY SCHOOL,21 COMPASSVALE ST,545091,SENG KANG,NORTH,NORTH 3,GOVERNMENT SCHOOL,CO-ED SCHOOL,SINGLE SESSION,PRIMARY,No,No,No,No,1.3944453,103.8978122,13.3308,1,0,0,0,0
137,WOODGROVE PRIMARY SCHOOL,2 WOODLANDS DRIVE 14,738079,WOODLANDS,NORTH,NORTH 5,GOVERNMENT SCHOOL,CO-ED SCHOOL,SINGLE SESSION,PRIMARY,No,No,No,No,1.4331034,103.7906044,17.9242,1,0,0,0,0
138,SEMBAWANG PRIMARY SCHOOL,10 SEMBAWANG DRIVE,757715,SEMBAWANG,NORTH,NORTH 8,GOVERNMENT SCHOOL,CO-ED SCHOOL,SINGLE SESSION,PRIMARY,No,No,No,No,1.4412661,103.8256402,17.7384,1,0,0,0,0
139,CONCORD PRIMARY SCHOOL,3 CHOA CHU KANG AVE 4,689814,CHOA CHU KANG,WEST,WEST 2,GOVERNMENT SCHOOL,CO-ED SCHOOL,SINGLE SESSION,PRIMARY,No,No,No,No,1.3800081,103.7362254,16.6911,1,0,0,0,0
140,NORTH SPRING PRIMARY SCHOOL,1 RIVERVALE STREET,545088,SENG KANG,NORTH,NORTH 4,GOVERNMENT SCHOOL,CO-ED SCHOOL,SINGLE SESSION,PRIMARY,No,No,No,No,1.3870615,103.9032027,12.8344,1,0,0,0,0
141,YEW TEE PRIMARY SCHOOL,10 CHOA CHU KANG ST 64,689100,CHOA CHU KANG,WEST,WEST 8,GOVERNMENT SCHOOL,CO-ED SCHOOL,SINGLE SESSION,PRIMARY,No,No,No,No,1.396766,103.750986,16.8087,1,0,0,0,0
142,HOUGANG PRIMARY SCHOOL,1 HOUGANG ST 93,534238,HOUGANG,NORTH,NORTH 3,GOVERNMENT SCHOOL,CO-ED SCHOOL,SINGLE SESSION,PRIMARY,No,No,No,No,1.3773825,103.8808073,10.8968,1,0,0,0,0
143,MERIDIAN PRIMARY SCHOOL,20 PASIR RIS ST 71,518798,PASIR RIS,EAST,EAST 1,GOVERNMENT SCHOOL,CO-ED SCHOOL,SINGLE SESSION,PRIMARY,No,No,No,No,1.3755283,103.9348891,13.7789,1,0,0,0,0
144,GREENWOOD PRIMARY SCHOOL,11 WOODLANDS  DR  62,737942,WOODLANDS,NORTH,NORTH 8,GOVERNMENT SCHOOL,CO-ED SCHOOL,SINGLE SESSION,PRIMARY,No,No,No,No,1.4398996,103.8047256,18.1146,1,0,0,0,0
145,ANDERSON PRIMARY SCHOOL,19 ANG MO KIO AVE 9,569785,ANG MO KIO,NORTH,NORTH 6,GOVERNMENT SCHOOL,CO-ED SCHOOL,SINGLE SESSION,PRIMARY,No,No,No,No,1.3842643,103.8413921,11.2199,1,0,0,0,0
146,WELLINGTON PRIMARY SCHOOL,10 WELLINGTON CIRCLE,757702,SEMBAWANG,NORTH,NORTH 7,GOVERNMENT SCHOOL,CO-ED SCHOOL,SINGLE SESSION,PRIMARY,No,No,No,No,1.4519159,103.8223061,18.9682,1,0,0,0,0
147,EDGEFIELD PRIMARY SCHOOL,41 EDGEFIELD PLAINS,828869,PUNGGOL,NORTH,NORTH 3,GOVERNMENT SCHOOL,CO-ED SCHOOL,SINGLE SESSION,PRIMARY,No,No,No,No,1.4000914,103.9078476,14.3628,1,0,0,0,0
148,WEST GROVE PRIMARY SCHOOL,1 JURONG WEST ST 72,649223,JURONG WEST,WEST,WEST 3,GOVERNMENT SCHOOL,CO-ED SCHOOL,SINGLE SESSION,PRIMARY,No,No,No,No,1.3448791,103.6992864,18.2347,1,0,0,0,0
149,CASUARINA PRIMARY SCHOOL,30 PASIR RIS ST 41,518935,PASIR RIS,EAST,EAST 6,GOVERNMENT SCHOOL,CO-ED SCHOOL,SINGLE SESSION,PRIMARY,No,No,No,No,1.3724606,103.9570203,15.3205,1,0,0,0,0
150,CLEMENTI PRIMARY SCHOOL,8 CLEMENTI AVE 3,129903,CLEMENTI,WEST,WEST 1,GOVERNMENT SCHOOL,CO-ED SCHOOL,SINGLE SESSION,PRIMARY,No,No,No,No,1.3150632,103.7631445,10.4188,1,0,0,0,0
151,TANJONG KATONG PRIMARY SCHOOL,860 NEW UPPER CHANGI ROAD,467353,MARINE PARADE,EAST,EAST 5,GOVERNMENT SCHOOL,CO-ED SCHOOL,DOUBLE SESSION,PRIMARY,No,No,No,No,1.3052818,103.9001283,5.9074,1,0,0,0,0
152,ANDERSON SECONDARY SCHOOL,10 ANG MO KIO STREET 53,569206,ANG MO KIO,NORTH,NORTH 3,GOVERNMENT SCHOOL,CO-ED SCHOOL,SINGLE SESSION,SECONDARY,No,Yes,No,No,1.37434,103.8515541,10.0596,0,1,0,0,0
153,BARTLEY SECONDARY SCHOOL,10 JALAN BUNGA RAMPAI,538403,TOA PAYOH,SOUTH,SOUTH 6,GOVERNMENT SCHOOL,CO-ED SCHOOL,SINGLE SESSION,SECONDARY,No,No,No,No,1.3399542,103.8828062,7.141,0,1,0,0,0
154,BEATTY SECONDARY SCHOOL,1 TOA PAYOH NORTH,318990,TOA PAYOH,SOUTH,SOUTH 3,GOVERNMENT SCHOOL,CO-ED SCHOOL,SINGLE SESSION,SECONDARY,No,No,No,No,1.3417707,103.8522856,6.4375,0,1,0,0,0
155,CEDAR GIRLS' SECONDARY SCHOOL,1 CEDAR AVENUE,349692,TOA PAYOH,EAST,EAST 7,GOVERNMENT SCHOOL,GIRLS' SCHOOL,SINGLE SESSION,SECONDARY,No,Yes,No,Yes,1.333758,103.8739331,6.0809,0,1,0,0,0
156,CRESCENT GIRLS' SCHOOL,357 TANGLIN ROAD,247961,BUKIT MERAH,SOUTH,SOUTH 2,GOVERNMENT SCHOOL,GIRLS' SCHOOL,SINGLE SESSION,SECONDARY,No,Yes,No,No,1.2933195,103.8175445,3.9186,0,1,0,0,0
157,GAN ENG SENG SCHOOL,1 HENDERSON ROAD,159561,BUKIT MERAH,SOUTH,SOUTH 4,GOVERNMENT SCHOOL,CO-ED SCHOOL,SINGLE SESSION,SECONDARY,No,No,No,No,1.2890711,103.8237337,3.1408,0,1,0,0,0
158,QUEENSWAY SECONDARY SCHOOL,2A MARGARET DRIVE,149295,QUEENSTOWN,SOUTH,SOUTH 2,GOVERNMENT SCHOOL,CO-ED SCHOOL,SINGLE SESSION,SECONDARY,No,No,No,No,1.3002227,103.8022073,5.7743,0,1,0,0,0
159,RAFFLES GIRLS' SCHOOL (SECONDARY),20 ANDERSON ROAD,259978,CENTRAL,SOUTH,SOUTH 7,INDEPENDENT SCHOOL,GIRLS' SCHOOL,SINGLE SESSION,SECONDARY,No,No,Yes,Yes,1.311695,103.8289596,3.9801,0,1,0,0,0
160,RAFFLES INSTITUTION,1 RAFFLES INSTITUTION LANE,575954,BISHAN,SOUTH,SOUTH 7,INDEPENDENT SCHOOL,CO-ED SCHOOL,SINGLE SESSION,MIXED LEVEL,No,No,Yes,Yes,1.3459589,103.8415276,6.9913,0,1,1,0,0
161,SERANGOON SECONDARY SCHOOL,11 UPPER SERANGOON VIEW,534237,HOUGANG,NORTH,NORTH 3,GOVERNMENT SCHOOL,CO-ED SCHOOL,SINGLE SESSION,SECONDARY,No,No,No,No,1.3746554,103.9021387,11.559,0,1,0,0,0
162,COMMONWEALTH SECONDARY SCHOOL,698 WEST COAST ROAD,608784,JURONG EAST,WEST,WEST 7,GOVERNMENT SCHOOL,CO-ED SCHOOL,SINGLE SESSION,SECONDARY,No,Yes,No,No,1.319204,103.7456374,12.4097,0,1,0,0,0
163,TANJONG KATONG GIRLS' SCHOOL,2 BEDOK SOUTH ROAD,469268,MARINE PARADE,EAST,EAST 5,GOVERNMENT SCHOOL,GIRLS' SCHOOL,SINGLE SESSION,SECONDARY,No,Yes,No,No,1.3082127,103.8958201,5.6216,0,1,0,0,0
164,VICTORIA SCHOOL,2 SIGLAP LINK,448880,BEDOK,EAST,EAST 7,GOVERNMENT SCHOOL,BOYS' SCHOOL,SINGLE SESSION,SECONDARY,No,Yes,Yes,Yes,1.308308,103.9281975,8.9505,0,1,0,0,0
165,WHITLEY SECONDARY SCHOOL,30 BISHAN STREET 24,579747,BISHAN,SOUTH,SOUTH 7,GOVERNMENT SCHOOL,CO-ED SCHOOL,SINGLE SESSION,SECONDARY,No,No,No,No,1.3550521,103.8425524,7.9765,0,1,0,0,0
166,YUHUA SECONDARY SCHOOL,35 JURONG WEST STREET 41,649406,JURONG WEST,WEST,WEST 7,GOVERNMENT SCHOOL,CO-ED SCHOOL,SINGLE SESSION,SECONDARY,No,No,No,No,1.3471863,103.7226872,15.9603,0,1,0,0,0
167,YISHUN SECONDARY SCHOOL,4 YISHUN STREET 71,768516,YISHUN,NORTH,NORTH 2,GOVERNMENT SCHOOL,CO-ED SCHOOL,SINGLE SESSION,SECONDARY,No,No,No,No,1.4281332,103.8287643,16.241,0,1,0,0,0
168,BENDEMEER SECONDARY SCHOOL,1 ST WILFRED ROAD,327919,KALLANG,SOUTH,SOUTH 5,GOVERNMENT SCHOOL,CO-ED SCHOOL,SINGLE SESSION,SECONDARY,No,No,No,No,1.3246111,103.8609703,4.6491,0,1,0,0,0
169,FUCHUN SECONDARY SCHOOL,21 WOODLANDS AVENUE 1,739062,WOODLANDS,NORTH,NORTH 7,GOVERNMENT SCHOOL,CO-ED SCHOOL,SINGLE SESSION,SECONDARY,No,No,No,No,1.4307045,103.7776257,18.2789,0,1,0,0,0
170,ANG MO KIO SECONDARY SCHOOL,6 ANG MO KIO STREET 22,569362,ANG MO KIO,SOUTH,SOUTH 1,GOVERNMENT SCHOOL,CO-ED SCHOOL,SINGLE SESSION,SECONDARY,No,No,No,No,1.3673371,103.842155,9.3387,0,1,0,0,0
171,BEDOK SOUTH SECONDARY SCHOOL,1 JALAN LANGGAR BEDOK,468585,BEDOK,EAST,EAST 2,GOVERNMENT SCHOOL,CO-ED SCHOOL,SINGLE SESSION,SECONDARY,No,No,No,No,1.3251366,103.9509891,11.9764,0,1,0,0,0
172,CLEMENTI TOWN SECONDARY SCHOOL,10 CLEMENTI AVE 3,129904,CLEMENTI,WEST,WEST 1,GOVERNMENT SCHOOL,CO-ED SCHOOL,SINGLE SESSION,SECONDARY,No,No,No,No,1.3155391,103.7620206,10.5542,0,1,0,0,0
173,TEMASEK SECONDARY SCHOOL,600 UPPER EAST COAST ROAD,465561,BEDOK,EAST,EAST 2,GOVERNMENT SCHOOL,CO-ED SCHOOL,SINGLE SESSION,SECONDARY,No,Yes,No,No,1.3159167,103.9475641,11.2604,0,1,0,0,0
174,MAYFLOWER SECONDARY SCHOOL,2 ANG MO KIO STREET 21,569384,ANG MO KIO,SOUTH,SOUTH 1,GOVERNMENT SCHOOL,CO-ED SCHOOL,SINGLE SESSION,SECONDARY,No,No,No,No,1.3682727,103.8353607,9.5548,0,1,0,0,0
175,TAMPINES SECONDARY SCHOOL,252 TAMPINES ST 12,529427,TAMPINES,EAST,EAST 6,GOVERNMENT SCHOOL,CO-ED SCHOOL,SINGLE SESSION,SECONDARY,No,No,No,No,1.3492609,103.9442637,12.6199,0,1,0,0,0
176,BUKIT VIEW SECONDARY SCHOOL,16 BUKIT BATOK STREET 21,659633,BUKIT BATOK,WEST,WEST 4,GOVERNMENT SCHOOL,CO-ED SCHOOL,SINGLE SESSION,SECONDARY,No,No,No,No,1.3457331,103.7522266,13.0064,0,1,0,0,0
177,WOODLANDS SECONDARY SCHOOL,11 MARSILING ROAD,739111,WOODLANDS,NORTH,NORTH 5,GOVERNMENT SCHOOL,CO-ED SCHOOL,SINGLE SESSION,SECONDARY,No,No,No,No,1.4391253,103.7745864,19.2679,0,1,0,0,0
178,BOWEN SECONDARY SCHOOL,2 LORONG NAPIRI,547529,HOUGANG,NORTH,NORTH 1,GOVERNMENT SCHOOL,CO-ED SCHOOL,SINGLE SESSION,SECONDARY,No,No,No,No,1.3703599,103.8776596,10.0472,0,1,0,0,0
179,BUKIT BATOK SECONDARY SCHOOL,50 BUKIT BATOK WEST AVE 8,658962,BUKIT BATOK,WEST,WEST 7,GOVERNMENT SCHOOL,CO-ED SCHOOL,SINGLE SESSION,SECONDARY,No,No,No,No,1.3484909,103.7408737,14.246,0,1,0,0,0
180,YISHUN TOWN SECONDARY SCHOOL,6 YISHUN STREET 21,768610,YISHUN,NORTH,NORTH 2,GOVERNMENT SCHOOL,CO-ED SCHOOL,SINGLE SESSION,SECONDARY,No,Yes,No,No,1.4323216,103.8380942,16.5761,0,1,0,0,0
181,HOUGANG SECONDARY SCHOOL,2 HOUGANG STREET 93,534256,HOUGANG,NORTH,NORTH 3,GOVERNMENT SCHOOL,CO-ED SCHOOL,SINGLE SESSION,SECONDARY,No,No,No,No,1.3776402,103.882534,10.983,0,1,0,0,0
182,NAN HUA HIGH SCHOOL,41 CLEMENTI AVENUE 1,129956,CLEMENTI,WEST,WEST 1,GOVERNMENT SCHOOL,CO-ED SCHOOL,SINGLE SESSION,SECONDARY,Yes,Yes,No,No,1.308095,103.7685612,9.6075,0,1,0,0,0
183,HILLGROVE SECONDARY SCHOOL,10 BUKIT BATOK STREET 52,659250,BUKIT BATOK,WEST,WEST 2,GOVERNMENT SCHOOL,CO-ED SCHOOL,SINGLE SESSION,SECONDARY,No,No,No,No,1.3527358,103.7529865,13.3652,0,1,0,0,0
184,XINMIN SECONDARY SCHOOL,11 HOUGANG AVENUE 8,538789,HOUGANG,NORTH,NORTH 1,GOVERNMENT SCHOOL,CO-ED SCHOOL,SINGLE SESSION,SECONDARY,No,Yes,No,No,1.3725588,103.8830516,10.467,0,1,0,0,0
185,GREENRIDGE SECONDARY SCHOOL,32 BUKIT PANJANG RING ROAD,679938,BUKIT PANJANG,WEST,WEST 5,GOVERNMENT SCHOOL,CO-ED SCHOOL,SINGLE SESSION,SECONDARY,No,No,No,No,1.3818643,103.7738285,13.9044,0,1,0,0,0
186,SPRINGFIELD SECONDARY SCHOOL,30 TAMPINES AVENUE 8,529593,TAMPINES,EAST,EAST 3,GOVERNMENT SCHOOL,CO-ED SCHOOL,SINGLE SESSION,SECONDARY,No,No,No,No,1.349573,103.9303545,11.4127,0,1,0,0,0
187,CHUA CHU KANG SECONDARY SCHOOL,3 TECK WHYE CRESCENT,688845,CHOA CHU KANG,WEST,WEST 5,GOVERNMENT SCHOOL,CO-ED SCHOOL,SINGLE SESSION,SECONDARY,No,No,No,No,1.3831903,103.7518783,15.6426,0,1,0,0,0
188,DAMAI SECONDARY SCHOOL,4800 BEDOK RESERVOIR ROAD,479229,BEDOK,EAST,EAST 4,GOVERNMENT SCHOOL,CO-ED SCHOOL,SINGLE SESSION,SECONDARY,No,No,No,No,1.336928,103.9270917,10.2688,0,1,0,0,0
189,NORTHLAND SECONDARY SCHOOL,3 YISHUN STREET 22,768578,YISHUN,NORTH,NORTH 2,GOVERNMENT SCHOOL,CO-ED SCHOOL,SINGLE SESSION,SECONDARY,No,No,No,No,1.4358018,103.8401047,16.9435,0,1,0,0,0
190,PEIRCE SECONDARY SCHOOL,10 SIN MING WALK,575566,BISHAN,SOUTH,SOUTH 7,GOVERNMENT SCHOOL,CO-ED SCHOOL,SINGLE SESSION,SECONDARY,No,No,No,No,1.3666594,103.8302161,9.5047,0,1,0,0,0
191,JURONGVILLE SECONDARY SCHOOL,202 JURONG EAST AVENUE 1,609790,JURONG EAST,WEST,WEST 4,GOVERNMENT SCHOOL,CO-ED SCHOOL,SINGLE SESSION,SECONDARY,No,No,No,No,1.3512886,103.7289077,15.5571,0,1,0,0,0
192,FAJAR SECONDARY SCHOOL,31 GANGSA ROAD,678972,BUKIT PANJANG,WEST,WEST 8,GOVERNMENT SCHOOL,CO-ED SCHOOL,SINGLE SESSION,SECONDARY,No,No,No,No,1.3756001,103.7639989,14.0965,0,1,0,0,0
193,KRANJI SECONDARY SCHOOL,38 TECK WHYE CRESCENT,688945,CHOA CHU KANG,WEST,WEST 8,GOVERNMENT SCHOOL,CO-ED SCHOOL,SINGLE SESSION,SECONDARY,No,No,No,No,1.3900511,103.7411907,17.0256,0,1,0,0,0
194,JUYING SECONDARY SCHOOL,33 JURONG WEST STREET 91,649038,JURONG WEST,WEST,WEST 3,GOVERNMENT SCHOOL,CO-ED SCHOOL,SINGLE SESSION,SECONDARY,No,No,No,No,1.3387228,103.6873103,19.2494,0,1,0,0,0
195,WEST SPRING SECONDARY SCHOOL,61 SENJA  ROAD,677737,BUKIT PANJANG,WEST,WEST 5,GOVERNMENT SCHOOL,CO-ED SCHOOL,SINGLE SESSION,SECONDARY,No,No,No,No,1.3878228,103.7601288,15.39,0,1,0,0,0
196,JURONG WEST SECONDARY SCHOOL,61 JURONG WEST STREET 65,648348,JURONG WEST,WEST,WEST 3,GOVERNMENT SCHOOL,CO-ED SCHOOL,SINGLE SESSION,SECONDARY,No,No,No,No,1.3352563,103.7020981,17.5682,0,1,0,0,0
197,BEDOK GREEN SECONDARY SCHOOL,360 BEDOK NORTH AVE 3,469722,BEDOK,EAST,EAST 2,GOVERNMENT SCHOOL,CO-ED SCHOOL,SINGLE SESSION,SECONDARY,No,No,No,No,1.3345195,103.9350284,10.8617,0,1,0,0,0
198,PUNGGOL SECONDARY SCHOOL,51 EDGEFIELD PLAINS,828870,PUNGGOL,NORTH,NORTH 4,GOVERNMENT SCHOOL,CO-ED SCHOOL,SINGLE SESSION,SECONDARY,No,No,No,No,1.4020574,103.9092137,14.6259,0,1,0,0,0
199,NORTH VISTA SECONDARY SCHOOL,11 RIVERVALE LINK,545081,SENG KANG,NORTH,NORTH 1,GOVERNMENT SCHOOL,CO-ED SCHOOL,SINGLE SESSION,SECONDARY,No,No,No,No,1.3811313,103.8991888,12.0452,0,1,0,0,0
200,ADMIRALTY SECONDARY SCHOOL,31 WOODLANDS CRESCENT,737916,WOODLANDS,NORTH,NORTH 7,GOVERNMENT SCHOOL,CO-ED SCHOOL,SINGLE SESSION,SECONDARY,No,No,No,No,1.4458907,103.8023982,18.8273,0,1,0,0,0
201,PEI HWA SECONDARY SCHOOL,21 FERNVALE LINK,797702,SENG KANG,NORTH,NORTH 3,GOVERNMENT SCHOOL,CO-ED SCHOOL,SINGLE SESSION,SECONDARY,No,No,No,No,1.390375,103.8784617,12.2168,0,1,0,0,0
202,GREENDALE SECONDARY SCHOOL,51 EDGEDALE PLAINS,828866,PUNGGOL,NORTH,NORTH 4,GOVERNMENT SCHOOL,CO-ED SCHOOL,SINGLE SESSION,SECONDARY,No,No,No,No,1.3969602,103.9117001,14.2464,0,1,0,0,0
203,EDGEFIELD SECONDARY SCHOOL,36 PUNGGOL FIELD,828814,PUNGGOL,NORTH,NORTH 3,GOVERNMENT SCHOOL,CO-ED SCHOOL,SINGLE SESSION,SECONDARY,No,No,No,No,1.4005931,103.9026874,14.173,0,1,0,0,0
204,MERIDIAN SECONDARY SCHOOL,31 PASIR RIS STREET 51,518901,PASIR RIS,EAST,EAST 1,GOVERNMENT SCHOOL,CO-ED SCHOOL,SINGLE SESSION,SECONDARY,No,No,No,No,1.3672468,103.9489725,14.2628,0,1,0,0,0
205,LOYANG VIEW SECONDARY SCHOOL,12 PASIR RIS STREET 11,519073,PASIR RIS,EAST,EAST 1,GOVERNMENT SCHOOL,CO-ED SCHOOL,SINGLE SESSION,SECONDARY,No,No,No,No,1.3665842,103.9569446,14.902,0,1,0,0,0
206,DUNMAN HIGH SCHOOL,10 TANJONG RHU ROAD,436895,KALLANG,EAST,EAST 4,GOVERNMENT SCHOOL,CO-ED SCHOOL,SINGLE SESSION,MIXED LEVEL,Yes,Yes,Yes,Yes,1.2999619,103.8829416,3.9264,0,1,1,0,0
207,RIVER VALLEY HIGH SCHOOL,6 BOON LAY AVENUE,649961,JURONG WEST,WEST,WEST 7,GOVERNMENT SCHOOL,CO-ED SCHOOL,SINGLE SESSION,MIXED LEVEL,Yes,Yes,No,Yes,1.344078,103.7090222,17.1995,0,1,0,0,0
208,AHMAD IBRAHIM SECONDARY SCHOOL,751 YISHUN AVENUE 7,768928,YISHUN,NORTH,NORTH 8,GOVERNMENT SCHOOL,CO-ED SCHOOL,SINGLE SESSION,SECONDARY,No,No,No,No,1.4360598,103.8297187,17.0971,0,1,0,0,0
209,BROADRICK SECONDARY SCHOOL,61 DAKOTA CRESCENT,399935,GEYLANG,EAST,EAST 5,GOVERNMENT SCHOOL,CO-ED SCHOOL,SINGLE SESSION,SECONDARY,No,No,No,No,1.3070505,103.8869174,4.7056,0,1,0,0,0
210,BUKIT MERAH SECONDARY SCHOOL,10 LENGKOK BAHRU,159050,BUKIT MERAH,SOUTH,SOUTH 2,GOVERNMENT SCHOOL,CO-ED SCHOOL,SINGLE SESSION,SECONDARY,No,No,No,No,1.2857841,103.8130231,4.2838,0,1,0,0,0
211,BUKIT PANJANG GOVT. HIGH SCHOOL,7 CHOA CHU KANG AVE 4,689809,CHOA CHU KANG,WEST,WEST 5,GOVERNMENT SCHOOL,CO-ED SCHOOL,SINGLE SESSION,SECONDARY,No,Yes,No,No,1.2857841,103.8130231,4.2838,0,1,0,0,0
212,DUNMAN SECONDARY SCHOOL,21 TAMPINES STREET 45,529093,TAMPINES,EAST,EAST 3,GOVERNMENT SCHOOL,CO-ED SCHOOL,SINGLE SESSION,SECONDARY,No,Yes,No,No,1.3606526,103.9562133,14.4385,0,1,0,0,0
213,JURONG SECONDARY SCHOOL,31 YUAN CHING ROAD,618652,JURONG WEST,WEST,WEST 4,GOVERNMENT SCHOOL,CO-ED SCHOOL,SINGLE SESSION,SECONDARY,No,No,No,No,1.3300203,103.723953,15.0826,0,1,0,0,0
214,NAVAL BASE SECONDARY SCHOOL,901 YISHUN RING ROAD,768689,YISHUN,NORTH,NORTH 2,GOVERNMENT SCHOOL,CO-ED SCHOOL,SINGLE SESSION,SECONDARY,No,No,No,No,1.4193788,103.8310504,15.2399,0,1,0,0,0
215,OUTRAM SECONDARY SCHOOL,3 YORK HILL,168622,CENTRAL,SOUTH,SOUTH 4,GOVERNMENT SCHOOL,CO-ED SCHOOL,SINGLE SESSION,SECONDARY,No,No,No,No,1.2865141,103.8371273,1.6245,0,1,0,0,0
216,YIO CHU KANG SECONDARY SCHOOL,3063 ANG MO KIO AVENUE 5,569868,ANG MO KIO,NORTH,NORTH 6,GOVERNMENT SCHOOL,CO-ED SCHOOL,SINGLE SESSION,SECONDARY,No,No,No,No,1.377976,103.842137,10.5157,0,1,0,0,0
217,YUAN CHING SECONDARY SCHOOL,103 YUAN CHING ROAD,618654,JURONG WEST,WEST,WEST 4,GOVERNMENT SCHOOL,CO-ED SCHOOL,SINGLE SESSION,SECONDARY,No,No,No,No,1.3420064,103.7208987,15.8962,0,1,0,0,0
218,BOON LAY SECONDARY SCHOOL,11 JURONG WEST STREET 65,648354,JURONG WEST,WEST,WEST 3,GOVERNMENT SCHOOL,CO-ED SCHOOL,SINGLE SESSION,SECONDARY,No,No,No,No,1.3427227,103.70189,17.8771,0,1,0,0,0
219,BEDOK VIEW SECONDARY SCHOOL,6 BEDOK SOUTH AVENUE 3,469293,BEDOK,EAST,EAST 2,GOVERNMENT SCHOOL,CO-ED SCHOOL,SINGLE SESSION,SECONDARY,No,No,No,No,1.324157,103.9437762,11.1957,0,1,0,0,0
220,HUA YI SECONDARY SCHOOL,60 JURONG WEST ST 42,649371,JURONG WEST,WEST,WEST 4,GOVERNMENT SCHOOL,CO-ED SCHOOL,SINGLE SESSION,SECONDARY,No,No,No,No,1.3523437,103.7218323,16.3055,0,1,0,0,0
221,DEYI SECONDARY SCHOOL,1 ANG MO KIO STREET 42,569277,ANG MO KIO,NORTH,NORTH 6,GOVERNMENT SCHOOL,CO-ED SCHOOL,SINGLE SESSION,SECONDARY,No,No,No,No,1.365997,103.8525458,9.1324,0,1,0,0,0
222,PING YI SECONDARY SCHOOL,61 CHAI CHEE STREET,468980,BEDOK,EAST,EAST 5,GOVERNMENT SCHOOL,CO-ED SCHOOL,SINGLE SESSION,SECONDARY,No,No,No,No,1.3270167,103.9207007,9.0673,0,1,0,0,0
223,PEICAI SECONDARY SCHOOL,10 SERANGOON AVENUE 4,556094,SERANGOON,SOUTH,SOUTH 6,GOVERNMENT SCHOOL,CO-ED SCHOOL,SINGLE SESSION,SECONDARY,No,No,No,No,1.3595158,103.8700107,8.6589,0,1,0,0,0
224,PASIR RIS SECONDARY SCHOOL,390 TAMPINES STREET 21,529400,TAMPINES,EAST,EAST 6,GOVERNMENT SCHOOL,CO-ED SCHOOL,SINGLE SESSION,SECONDARY,No,No,No,No,1.3542273,103.9489626,13.366,0,1,0,0,0
225,GUANGYANG SECONDARY SCHOOL,8 BISHAN STREET 12,579807,BISHAN,SOUTH,SOUTH 7,GOVERNMENT SCHOOL,CO-ED SCHOOL,SINGLE SESSION,SECONDARY,No,No,No,No,1.3444086,103.8502089,6.7319,0,1,0,0,0
226,RIVERSIDE SECONDARY SCHOOL,3 WOODLANDS STREET 81,738524,WOODLANDS,NORTH,NORTH 5,GOVERNMENT SCHOOL,CO-ED SCHOOL,SINGLE SESSION,SECONDARY,No,No,No,No,1.4411016,103.7883082,18.8446,0,1,0,0,0
227,ZHONGHUA SECONDARY SCHOOL,13 SERANGOON AVENUE 3,556123,SERANGOON,SOUTH,SOUTH 6,GOVERNMENT SCHOOL,CO-ED SCHOOL,SINGLE SESSION,SECONDARY,No,No,No,No,1.3484072,103.8694305,7.447,0,1,0,0,0
228,SWISS COTTAGE SECONDARY SCHOOL,3 BUKIT BATOK STREET 34,659322,BUKIT BATOK,WEST,WEST 4,GOVERNMENT SCHOOL,CO-ED SCHOOL,SINGLE SESSION,SECONDARY,No,No,No,No,1.3647174,103.7503961,14.3947,0,1,0,0,0
229,YUSOF ISHAK SECONDARY SCHOOL,11 BUKIT BATOK STREET 25,658712,BUKIT BATOK,WEST,WEST 2,GOVERNMENT SCHOOL,CO-ED SCHOOL,SINGLE SESSION,SECONDARY,No,No,No,No,1.3423392,103.7600326,12.0709,0,1,0,0,0
230,CHANGKAT CHANGI SECONDARY SCHOOL,23 SIMEI ST 3,529894,TAMPINES,EAST,EAST 4,GOVERNMENT SCHOOL,CO-ED SCHOOL,SINGLE SESSION,SECONDARY,No,No,No,No,1.3395063,103.9532455,12.8944,0,1,0,0,0
231,TECK WHYE SECONDARY SCHOOL,31 TECK WHYE CRESCENT,688848,CHOA CHU KANG,WEST,WEST 6,GOVERNMENT SCHOOL,CO-ED SCHOOL,SINGLE SESSION,SECONDARY,No,No,No,No,1.3830892,103.75533,15.3651,0,1,0,0,0
232,DUNEARN SECONDARY SCHOOL,21 BUKIT BATOK WEST AVENUE 2,659204,BUKIT BATOK,WEST,WEST 2,GOVERNMENT SCHOOL,CO-ED SCHOOL,SINGLE SESSION,SECONDARY,No,No,No,No,1.363579,103.7447211,14.8167,0,1,0,0,0
233,NEW TOWN SECONDARY SCHOOL,1020 DOVER ROAD,139657,QUEENSTOWN,WEST,WEST 1,GOVERNMENT SCHOOL,CO-ED SCHOOL,SINGLE SESSION,SECONDARY,No,No,No,No,1.3097759,103.7731886,9.1716,0,1,0,0,0
234,QUEENSTOWN SECONDARY SCHOOL,1 STRATHMORE ROAD,148800,QUEENSTOWN,SOUTH,SOUTH 4,GOVERNMENT SCHOOL,CO-ED SCHOOL,SINGLE SESSION,SECONDARY,No,No,No,No,1.2935213,103.813191,4.3924,0,1,0,0,0
235,SERANGOON GARDEN SECONDARY SCHOOL,21 SERANGOON NORTH AVENUE 1,555889,SERANGOON,SOUTH,SOUTH 1,GOVERNMENT SCHOOL,CO-ED SCHOOL,SINGLE SESSION,SECONDARY,No,No,No,No,1.3693257,103.8692703,9.7052,0,1,0,0,0
236,TANGLIN SECONDARY SCHOOL,301 WEST COAST ROAD,127391,CLEMENTI,SOUTH,SOUTH 2,GOVERNMENT SCHOOL,CO-ED SCHOOL,SINGLE SESSION,SECONDARY,No,No,No,No,1.3097017,103.7581584,10.7692,0,1,0,0,0
237,TANJONG KATONG SECONDARY SCHOOL,130 HAIG ROAD,438796,MARINE PARADE,EAST,EAST 5,GOVERNMENT SCHOOL,CO-ED SCHOOL,SINGLE SESSION,SECONDARY,No,Yes,No,No,1.3087352,103.8972252,5.7866,0,1,0,0,0
238,WOODLANDS RING SECONDARY SCHOOL,10 WOODLANDS RING ROAD,738239,WOODLANDS,NORTH,NORTH 8,GOVERNMENT SCHOOL,CO-ED SCHOOL,SINGLE SESSION,SECONDARY,No,No,No,No,1.4364889,103.8001485,17.9073,0,1,0,0,0
239,ORCHID PARK SECONDARY SCHOOL,10 YISHUN STREET 81,768454,YISHUN,NORTH,NORTH 6,GOVERNMENT SCHOOL,CO-ED SCHOOL,SINGLE SESSION,SECONDARY,No,No,No,No,1.4153203,103.8378592,14.6963,0,1,0,0,0
240,SEMBAWANG SECONDARY SCHOOL,30 SEMBAWANG CRESCENT,757704,SEMBAWANG,NORTH,NORTH 8,GOVERNMENT SCHOOL,CO-ED SCHOOL,SINGLE SESSION,SECONDARY,No,No,No,No,1.445315,103.8168433,18.3631,0,1,0,0,0
241,SENG KANG SECONDARY SCHOOL,10 COMPASSVALE LANE,545090,SENG KANG,NORTH,NORTH 1,GOVERNMENT SCHOOL,CO-ED SCHOOL,SINGLE SESSION,SECONDARY,No,No,No,No,1.3865968,103.898365,12.5556,0,1,0,0,0
242,JUNYUAN SECONDARY SCHOOL,11 TAMPINES STREET 84,528933,TAMPINES,EAST,EAST 3,GOVERNMENT SCHOOL,CO-ED SCHOOL,SINGLE SESSION,SECONDARY,No,No,No,No,1.3536132,103.9338862,12.0024,0,1,0,0,0
243,EAST SPRING SECONDARY SCHOOL,30 TAMPINES STREET 34,529231,TAMPINES,EAST,EAST 3,GOVERNMENT SCHOOL,CO-ED SCHOOL,SINGLE SESSION,SECONDARY,No,No,No,No,1.3562251,103.9606407,14.5606,0,1,0,0,0
244,UNITY SECONDARY SCHOOL,20 CHOA CHU KANG STREET 62,689143,CHOA CHU KANG,WEST,WEST 2,GOVERNMENT SCHOOL,CO-ED SCHOOL,SINGLE SESSION,SECONDARY,No,No,No,No,1.4000289,103.7460258,17.4474,0,1,0,0,0
245,NORTHBROOKS SECONDARY SCHOOL,585 YISHUN RING ROAD,768692,YISHUN,NORTH,NORTH 6,GOVERNMENT SCHOOL,CO-ED SCHOOL,SINGLE SESSION,SECONDARY,No,No,No,No,1.4208129,103.8451473,15.2452,0,1,0,0,0
246,PASIR RIS CREST SECONDARY SCHOOL,11 PASIR RIS STREET 41,518934,PASIR RIS,EAST,EAST 1,GOVERNMENT SCHOOL,CO-ED SCHOOL,SINGLE SESSION,SECONDARY,No,No,No,No,1.3728406,103.9597282,15.5791,0,1,0,0,0
247,FUHUA SECONDARY SCHOOL,5 JURONG WEST STREET 41,649410,JURONG WEST,WEST,WEST 7,GOVERNMENT SCHOOL,CO-ED SCHOOL,SINGLE SESSION,SECONDARY,No,No,No,No,1.3470141,103.7265209,15.5702,0,1,0,0,0
248,MARSILING SECONDARY SCHOOL,12 MARSILING ROAD,739110,WOODLANDS,NORTH,NORTH 5,GOVERNMENT SCHOOL,CO-ED SCHOOL,SINGLE SESSION,SECONDARY,No,No,No,No,1.4366442,103.7760081,18.9504,0,1,0,0,0
249,WOODGROVE SECONDARY SCHOOL,3 WOODLANDS AVENUE 6,738990,WOODLANDS,NORTH,NORTH 7,GOVERNMENT SCHOOL,CO-ED SCHOOL,SINGLE SESSION,SECONDARY,No,No,No,No,1.4283183,103.7960476,17.2065,0,1,0,0,0
250,ZHENGHUA SECONDARY SCHOOL,91 SENJA ROAD,677741,BUKIT PANJANG,WEST,WEST 5,GOVERNMENT SCHOOL,CO-ED SCHOOL,SINGLE SESSION,SECONDARY,No,No,No,No,1.3883687,103.7655216,15.0477,0,1,0,0,0
251,REGENT SECONDARY SCHOOL,50 CHOA CHU KANG NORTH 5,689621,CHOA CHU KANG,WEST,WEST 8,GOVERNMENT SCHOOL,CO-ED SCHOOL,SINGLE SESSION,SECONDARY,No,No,No,No,1.3932791,103.7510344,16.5174,0,1,0,0,0
252,KENT RIDGE SECONDARY SCHOOL,147 WEST COAST ROAD,127368,CLEMENTI,SOUTH,SOUTH 2,GOVERNMENT SCHOOL,CO-ED SCHOOL,SINGLE SESSION,SECONDARY,No,No,No,No,1.3012277,103.7648896,9.8222,0,1,0,0,0
253,WESTWOOD SECONDARY SCHOOL,11 JURONG WEST STREET 25,648350,JURONG WEST,WEST,WEST 3,GOVERNMENT SCHOOL,CO-ED SCHOOL,SINGLE SESSION,SECONDARY,No,No,No,No,1.353737,103.7017721,18.3727,0,1,0,0,0
254,CANBERRA SECONDARY SCHOOL,51 SEMBAWANG DRIVE,757699,SEMBAWANG,NORTH,NORTH 8,GOVERNMENT SCHOOL,CO-ED SCHOOL,SINGLE SESSION,SECONDARY,No,No,No,No,1.4532249,103.8141949,19.2854,0,1,0,0,0
255,COMPASSVALE SECONDARY SCHOOL,51 COMPASSVALE CRESCENT,545083,SENG KANG,NORTH,NORTH 3,GOVERNMENT SCHOOL,CO-ED SCHOOL,SINGLE SESSION,SECONDARY,No,No,No,No,1.3961408,103.8998472,13.5929,0,1,0,0,0
256,EVERGREEN SECONDARY SCHOOL,11 WOODLANDS STREET 83,738489,WOODLANDS,NORTH,NORTH 5,GOVERNMENT SCHOOL,CO-ED SCHOOL,SINGLE SESSION,SECONDARY,No,No,No,No,1.4414913,103.7941378,18.6533,0,1,0,0,0
257,ANGLO-CHINESE SCHOOL (JUNIOR),16 WINSTEDT ROAD,227988,CENTRAL,SOUTH,SOUTH 5,GOVERNMENT-AIDED SCH,BOYS' SCHOOL,SINGLE SESSION,PRIMARY,No,No,No,No,1.3093512,103.8409551,3.0642,1,0,0,0,0
258,CHIJ PRIMARY (TOA PAYOH),628 LORONG 1 TOA PAYOH,319765,TOA PAYOH,SOUTH,SOUTH 3,GOVERNMENT-AIDED SCH,GIRLS' SCHOOL,SINGLE SESSION,PRIMARY,No,No,No,No,1.3327526,103.8418473,5.5389,1,0,0,0,0
259,CHIJ (KELLOCK),121 QUEENSWAY,149059,BUKIT MERAH,SOUTH,SOUTH 4,GOVERNMENT-AIDED SCH,GIRLS' SCHOOL,SINGLE SESSION,PRIMARY,No,No,No,No,1.2750227,103.8281576,2.7772,1,0,0,0,0
260,CHIJ OUR LADY OF THE NATIVITY,1257 UPPER SERANGOON ROAD,534793,HOUGANG,SOUTH,SOUTH 1,GOVERNMENT-AIDED SCH,GIRLS' SCHOOL,SINGLE SESSION,PRIMARY,No,No,No,No,1.373303,103.8975757,11.1866,1,0,0,0,0
261,DE LA SALLE SCHOOL,11 CHOA CHU KANG ST 52,689285,CHOA CHU KANG,WEST,WEST 2,GOVERNMENT-AIDED SCH,CO-ED SCHOOL,SINGLE SESSION,PRIMARY,No,No,No,No,1.3947078,103.7432018,17.2318,1,0,0,0,0
262,ST. ANDREW'S JUNIOR SCHOOL,2 FRANCIS THOMAS DRIVE,359337,TOA PAYOH,SOUTH,SOUTH 5,GOVERNMENT-AIDED SCH,BOYS' SCHOOL,SINGLE SESSION,PRIMARY,No,No,No,No,1.3314026,103.8651171,5.4964,1,0,0,0,0
263,ST. ANTHONY'S CANOSSIAN PRIMARY SCHOOL,1602 BEDOK NORTH AVE 4,469701,BEDOK,EAST,EAST 4,GOVERNMENT-AIDED SCH,GIRLS' SCHOOL,SINGLE SESSION,PRIMARY,No,No,No,No,1.3347254,103.9412349,11.4687,1,0,0,0,0
264,ST. GABRIEL'S PRIMARY SCHOOL,220 LORONG CHUAN,556742,SERANGOON,SOUTH,SOUTH 6,GOVERNMENT-AIDED SCH,BOYS' SCHOOL,SINGLE SESSION,PRIMARY,No,No,No,No,1.3494719,103.862561,7.3965,1,0,0,0,0
265,ST. MARGARET'S PRIMARY SCHOOL,99 WILKIE ROAD,228091,CENTRAL,SOUTH,SOUTH 6,GOVERNMENT-AIDED SCH,GIRLS' SCHOOL,SINGLE SESSION,PRIMARY,No,No,No,No,1.3037885,103.8462511,2.2879,1,0,0,0,0
266,ST. JOSEPH'S INSTITUTION JUNIOR,3 ESSEX ROAD,309331,NOVENA,SOUTH,,,,,PRIMARY,No,No,No,No,1.3177286,103.8456119,3.8193,1,0,0,0,0
267,ST. STEPHEN'S SCHOOL,20 SIGLAP VIEW,455789,BEDOK,EAST,EAST 7,GOVERNMENT-AIDED SCH,BOYS' SCHOOL,SINGLE SESSION,PRIMARY,No,No,No,No,1.31879,103.9172581,8.2784,1,0,0,0,0
268,CHIJ OUR LADY OF GOOD COUNSEL,2C BURGHLEY DRIVE,558979,SERANGOON,SOUTH,SOUTH 6,GOVERNMENT-AIDED SCH,GIRLS' SCHOOL,SINGLE SESSION,PRIMARY,No,No,No,No,1.3574295,103.8640094,8.2961,1,0,0,0,0
269,MONTFORT JUNIOR SCHOOL,52 HOUGANG AVENUE 8,538786,HOUGANG,NORTH,NORTH 4,GOVERNMENT-AIDED SCH,BOYS' SCHOOL,SINGLE SESSION,PRIMARY,No,No,No,No,1.3738244,103.8893078,10.8499,1,0,0,0,0
270,CHIJ OUR LADY QUEEN OF PEACE,4 CHESTNUT DRIVE,679287,BUKIT PANJANG,WEST,WEST 8,GOVERNMENT-AIDED SCH,GIRLS' SCHOOL,SINGLE SESSION,PRIMARY,No,No,No,No,1.3666037,103.7674122,13.117,1,0,0,0,0
271,FAIRFIELD METHODIST SCHOOL (PRIMARY),100 DOVER ROAD,139648,QUEENSTOWN,SOUTH,SOUTH 2,GOVERNMENT-AIDED SCH,CO-ED SCHOOL,SINGLE SESSION,PRIMARY,No,No,No,No,1.3005408,103.7854383,7.5758,1,0,0,0,0
272,GEYLANG METHODIST SCHOOL (PRIMARY),4 GEYLANG EAST CENTRAL,389706,GEYLANG,EAST,EAST 5,GOVERNMENT-AIDED SCH,CO-ED SCHOOL,SINGLE SESSION,PRIMARY,No,No,No,No,1.3175913,103.8838457,5.1943,1,0,0,0,0
273,KUO CHUAN PRESBYTERIAN PRIMARY SCHOOL,8 BISHAN STREET 13,579793,BISHAN,SOUTH,SOUTH 7,GOVERNMENT-AIDED SCH,CO-ED SCHOOL,SINGLE SESSION,PRIMARY,No,No,No,No,1.3497831,103.8545292,7.3359,1,0,0,0,0
274,ST. HILDA'S PRIMARY SCHOOL,2 TAMPINES AVE 3,529706,TAMPINES,EAST,EAST 6,GOVERNMENT-AIDED SCH,CO-ED SCHOOL,SINGLE SESSION,PRIMARY,No,No,Yes,No,1.3493857,103.9370071,11.9777,1,0,0,0,0
275,SINGAPORE CHINESE GIRLS' PRIMARY SCHOOL,60 DUNEARN ROAD,309434,NOVENA,NORTH,NORTH 2,GOVERNMENT-AIDED SCH,GIRLS' SCHOOL,SINGLE SESSION,PRIMARY,No,No,No,No,1.3203942,103.8299478,4.7139,1,0,0,0,0
276,METHODIST GIRLS' SCHOOL (PRIMARY),11 BLACKMORE DRIVE,599986,BUKIT TIMAH,WEST,WEST 3,GOVERNMENT-AIDED SCH,GIRLS' SCHOOL,SINGLE SESSION,PRIMARY,No,No,No,No,1.3494728,103.8849713,8.1885,1,0,0,0,0
277,NAN CHIAU PRIMARY SCHOOL,50 ANCHORVALE LINK,545080,SENG KANG,NORTH,NORTH 4,GOVERNMENT-AIDED SCH,CO-ED SCHOOL,SINGLE SESSION,PRIMARY,No,No,No,No,1.3922115,103.8911809,12.8301,1,0,0,0,0
278,CANOSSA CATHOLIC PRIMARY SCHOOL,1 SALLIM ROAD,387621,GEYLANG,EAST,EAST 5,GOVERNMENT-AIDED SCH,CO-ED SCHOOL,na,PRIMARY,No,No,No,No,1.3266442,103.882228,5.8549,1,0,0,0,0
279,KONG HWA SCHOOL,350 GUILLEMARD ROAD,399772,GEYLANG,EAST,EAST 4,GOVERNMENT-AIDED SCH,CO-ED SCHOOL,SINGLE SESSION,PRIMARY,Yes,No,No,No,1.3109967,103.888352,5.087,1,0,0,0,0
280,MEE TOH SCHOOL,21 EDGEDALE PLAINS,828867,PUNGGOL,NORTH,NORTH 4,GOVERNMENT-AIDED SCH,CO-ED SCHOOL,SINGLE SESSION,PRIMARY,No,No,No,No,1.3946185,103.9085895,13.8552,1,0,0,0,0
281,NGEE ANN PRIMARY SCHOOL,344 MARINE TERRACE,449149,MARINE PARADE,EAST,EAST 7,GOVERNMENT-AIDED SCH,CO-ED SCHOOL,SINGLE SESSION,PRIMARY,No,No,No,No,1.3055251,103.917463,7.7195,1,0,0,0,0
282,RED SWASTIKA SCHOOL,350 BEDOK NORTH AVENUE 3,469719,BEDOK,EAST,EAST 2,GOVERNMENT-AIDED SCH,CO-ED SCHOOL,DOUBLE SESSION,PRIMARY,Yes,No,No,No,1.333243,103.9343323,10.7222,1,0,0,0,0
283,TAO NAN SCHOOL,49 MARINE CRESCENT,449761,MARINE PARADE,EAST,EAST 7,GOVERNMENT-AIDED SCH,CO-ED SCHOOL,DOUBLE SESSION,PRIMARY,Yes,No,Yes,No,1.3052853,103.9115532,7.089,1,0,0,0,0
284,NANYANG PRIMARY SCHOOL,52 KING'S ROAD,268097,BUKIT TIMAH,WEST,WEST 2,GOVERNMENT-AIDED SCH,CO-ED SCHOOL,SINGLE SESSION,PRIMARY,Yes,No,Yes,No,1.3208475,103.8077502,6.3685,1,0,0,0,0
285,ST. ANTHONY'S PRIMARY SCHOOL,30 BUKIT BATOK ST 32,659401,BUKIT BATOK,WEST,WEST 4,GOVERNMENT-AIDED SCH,CO-ED SCHOOL,SINGLE SESSION,PRIMARY,No,No,No,No,1.3641195,103.7492519,14.4531,1,0,0,0,0
286,MAHA BODHI SCHOOL,10 UBI AVENUE 1,408931,GEYLANG,EAST,EAST 7,GOVERNMENT-AIDED SCH,CO-ED SCHOOL,SINGLE SESSION,PRIMARY,Yes,No,No,No,1.3284709,103.9012987,7.4326,1,0,0,0,0
287,PEI CHUN PUBLIC SCHOOL,580 TOA PAYOH EAST,319133,TOA PAYOH,SOUTH,SOUTH 3,GOVERNMENT-AIDED SCH,CO-ED SCHOOL,DOUBLE SESSION,PRIMARY,Yes,No,No,No,1.3373345,103.8556315,5.9612,1,0,0,0,0
288,POI CHING SCHOOL,21 TAMPINES STREET 71,529067,TAMPINES,EAST,EAST 2,GOVERNMENT-AIDED SCH,CO-ED SCHOOL,SINGLE SESSION,PRIMARY,Yes,No,No,No,1.3576512,103.9352465,12.4105,1,0,0,0,0
289,KHENG CHENG SCHOOL,15 LORONG 3 TOA PAYOH,319580,TOA PAYOH,SOUTH,SOUTH 3,GOVERNMENT-AIDED SCH,CO-ED SCHOOL,SINGLE SESSION,PRIMARY,No,No,No,No,1.3373382,103.8471485,5.9636,1,0,0,0,0
290,NAN HUA PRIMARY SCHOOL,170 WEST COAST ROAD,127443,CLEMENTI,WEST,WEST 1,GOVERNMENT-AIDED SCH,CO-ED SCHOOL,DOUBLE SESSION,PRIMARY,Yes,No,Yes,No,1.3373382,103.8471485,5.9636,1,0,0,0,0
291,PEI HWA PRESBYTERIAN PRIMARY SCHOOL,7 PEI WAH AVENUE,597610,BUKIT TIMAH,WEST,WEST 5,GOVERNMENT-AIDED SCH,CO-ED SCHOOL,DOUBLE SESSION,PRIMARY,Yes,No,No,No,1.3380551,103.7761082,10.3233,1,0,0,0,0
292,AI TONG SCHOOL,100 BRIGHT HILL DRIVE,579646,BISHAN,SOUTH,SOUTH 7,GOVERNMENT-AIDED SCH,CO-ED SCHOOL,SINGLE SESSION,PRIMARY,Yes,No,No,No,1.3380551,103.7761082,10.3233,1,0,0,0,0
293,HONG WEN SCHOOL,30 TOWNER ROAD,327829,KALLANG,SOUTH,SOUTH 4,GOVERNMENT-AIDED SCH,CO-ED SCHOOL,SINGLE SESSION,PRIMARY,Yes,No,No,No,1.3783412,103.9956633,19.1661,1,0,0,0,0
294,HOLY INNOCENTS' PRIMARY SCHOOL,5 LORONG LOW KOON,536451,HOUGANG,SOUTH,SOUTH 1,GOVERNMENT-AIDED SCH,CO-ED SCHOOL,DOUBLE SESSION,PRIMARY,Yes,No,No,No,1.3783412,103.9956633,19.1661,1,0,0,0,0
295,PAYA LEBAR METHODIST GIRLS' SCHOOL (PRIMARY),298 LORONG AH SOO,536741,HOUGANG,EAST,EAST 5,GOVERNMENT-AIDED SCH,GIRLS' SCHOOL,SINGLE SESSION,PRIMARY,No,No,No,No,1.3067016,103.9069274,6.665,1,0,0,0,0
296,CHONGFU SCHOOL,170 YISHUN AVENUE 6,768959,YISHUN,NORTH,NORTH 2,GOVERNMENT-AIDED SCH,CO-ED SCHOOL,SINGLE SESSION,PRIMARY,No,No,No,No,1.3067016,103.9069274,6.665,1,0,0,0,0
297,CHIJ (KATONG) PRIMARY,17 MARTIA ROAD,424821,BEDOK,EAST,EAST 7,GOVERNMENT-AIDED SCH,GIRLS' SCHOOL,SINGLE SESSION,PRIMARY,No,No,No,No,1.3067016,103.9069274,6.665,1,0,0,0,0
298,ANGLO-CHINESE SCHOOL (PRIMARY),50 BARKER ROAD,309918,NOVENA,SOUTH,SOUTH 3,GOVERNMENT-AIDED SCH,BOYS' SCHOOL,SINGLE SESSION,PRIMARY,No,No,Yes,No,1.3067016,103.9069274,6.665,1,0,0,0,0
299,ANGLO-CHINESE SCHOOL (INDEPENDENT),121 DOVER ROAD,139650,QUEENSTOWN,SOUTH,SOUTH 2,INDEPENDENT SCHOOL,CO-ED SCHOOL,SINGLE SESSION,MIXED LEVEL,No,No,Yes,Yes,1.3067016,103.9069274,6.665,0,1,1,0,0
300,ASSUMPTION ENGLISH SCHOOL,622 UPPER BUKIT TIMAH ROAD,678117,BUKIT PANJANG,WEST,WEST 6,GOVERNMENT-AIDED SCH,CO-ED SCHOOL,SINGLE SESSION,SECONDARY,No,No,No,No,1.3683816,103.7666875,13.3134,0,1,0,0,0
301,CHIJ SECONDARY (TOA PAYOH),626 LORONG 1 TOA PAYOH,319764,TOA PAYOH,SOUTH,SOUTH 3,GOVERNMENT-AIDED SCH,GIRLS' SCHOOL,SINGLE SESSION,SECONDARY,No,Yes,No,No,1.3683816,103.7666875,13.3134,0,1,0,0,0
302,GEYLANG METHODIST SCHOOL (SECONDARY),2 GEYLANG EAST CENTRAL,389705,GEYLANG,EAST,EAST 5,GOVERNMENT-AIDED SCH,CO-ED SCHOOL,SINGLE SESSION,SECONDARY,No,No,No,No,1.317649,103.8826611,5.1087,0,1,0,0,0
303,CHIJ KATONG CONVENT,346 MARINE TERRACE,449150,MARINE PARADE,EAST,EAST 7,GOVERNMENT-AIDED SCH,GIRLS' SCHOOL,SINGLE SESSION,SECONDARY,No,Yes,No,No,1.3064425,103.9171444,7.7184,0,1,0,0,0
304,MONTFORT SECONDARY SCHOOL,50 HOUGANG AVENUE 8,538785,HOUGANG,NORTH,NORTH 4,GOVERNMENT-AIDED SCH,BOYS' SCHOOL,SINGLE SESSION,SECONDARY,No,No,No,No,1.3739613,103.8889286,10.8477,0,1,0,0,0
305,SINGAPORE CHINESE GIRLS' SCHOOL,190 DUNEARN ROAD,309437,NOVENA,NORTH,NORTH 2,INDEPENDENT SCHOOL,GIRLS' SCHOOL,SINGLE SESSION,SECONDARY,No,No,No,Yes,1.3206341,103.828165,4.8403,0,1,0,0,0
306,ST. ANDREW'S SECONDARY SCHOOL,15 FRANCIS THOMAS DRIVE,359342,TOA PAYOH,SOUTH,SOUTH 5,GOVERNMENT-AIDED SCH,BOYS' SCHOOL,SINGLE SESSION,SECONDARY,No,No,No,No,1.3306936,103.8662491,5.4571,0,1,0,0,0
307,ST. ANTHONY'S CANOSSIAN SECONDARY SCHOOL,1600 BEDOK NORTH AVENUE 4,469700,BEDOK,EAST,EAST 4,GOVERNMENT-AIDED SCH,GIRLS' SCHOOL,SINGLE SESSION,SECONDARY,No,Yes,No,No,1.3346631,103.9419772,11.5372,0,1,0,0,0
308,ST. GABRIEL'S SECONDARY SCHOOL,24 SERANGOON AVENUE 1,556140,SERANGOON,SOUTH,SOUTH 6,GOVERNMENT-AIDED SCH,BOYS' SCHOOL,SINGLE SESSION,SECONDARY,No,No,No,No,1.3463829,103.8758084,7.4571,0,1,0,0,0
309,CHIJ ST. JOSEPH'S CONVENT,62 SENGKANG EAST WAY,548595,SENG KANG,NORTH,NORTH 1,GOVERNMENT-AIDED SCH,GIRLS' SCHOOL,SINGLE SESSION,SECONDARY,No,No,No,No,1.3917522,103.902465,13.2677,0,1,0,0,0
310,ST. JOSEPH'S INSTITUTION,38 MALCOLM ROAD,308274,NOVENA,SOUTH,SOUTH 5,INDEPENDENT SCHOOL,CO-ED SCHOOL,SINGLE SESSION,MIXED LEVEL,No,No,No,No,1.3177286,103.8456119,3.8193,1,1,0,0,0
311,ST. MARGARET'S SECONDARY SCHOOL,111 FARRER ROAD,259240,BUKIT TIMAH,SOUTH,SOUTH 3,GOVERNMENT-AIDED SCH,GIRLS' SCHOOL,SINGLE SESSION,SECONDARY,No,Yes,No,No,1.3200682,103.8099511,6.1263,0,1,0,0,0
312,ST. PATRICK'S SCHOOL,490 EAST COAST ROAD,429058,BEDOK,EAST,EAST 7,GOVERNMENT-AIDED SCH,BOYS' SCHOOL,SINGLE SESSION,SECONDARY,No,No,No,No,1.3076784,103.9167622,7.7242,0,1,0,0,0
313,CHIJ ST. THERESA'S CONVENT,160 LOWER DELTA ROAD,99138,BUKIT MERAH,SOUTH,SOUTH 4,GOVERNMENT-AIDED SCH,GIRLS' SCHOOL,SINGLE SESSION,SECONDARY,No,No,No,No,1.2753518,103.8224407,3.3684,0,1,0,0,0
314,CHRIST CHURCH SECONDARY SCHOOL,20 WOODLANDS DRIVE 17,737924,WOODLANDS,NORTH,NORTH 7,GOVERNMENT-AIDED SCH,CO-ED SCHOOL,SINGLE SESSION,SECONDARY,No,No,No,No,1.4265678,103.7934511,17.1315,0,1,0,0,0
315,PAYA LEBAR METHODIST GIRLS' SCHOOL (SECONDARY),296 LOR AH SOO,536742,HOUGANG,EAST,EAST 5,GOVERNMENT-AIDED SCH,GIRLS' SCHOOL,SINGLE SESSION,SECONDARY,No,Yes,No,No,1.3509676,103.8851201,8.3443,0,1,0,0,0
316,YUYING SECONDARY SCHOOL,47 HOUGANG AVENUE 1,538884,HOUGANG,SOUTH,SOUTH 6,GOVERNMENT-AIDED SCH,CO-ED SCHOOL,SINGLE SESSION,SECONDARY,No,No,No,No,1.357136,103.8901948,9.2126,0,1,0,0,0
317,KUO CHUAN PRESBYTERIAN SECONDARY SCHOOL,10 BISHAN STREET 13,579795,BISHAN,SOUTH,SOUTH 7,GOVERNMENT-AIDED SCH,CO-ED SCHOOL,SINGLE SESSION,SECONDARY,No,No,No,No,1.3500756,103.8553652,7.3732,0,1,0,0,0
318,ST. HILDA'S SECONDARY SCHOOL,2 TAMPINES STREET 82,528986,TAMPINES,EAST,EAST 6,GOVERNMENT-AIDED SCH,CO-ED SCHOOL,SINGLE SESSION,SECONDARY,No,No,No,No,1.3497392,103.937608,12.0547,0,1,0,0,0
319,METHODIST GIRLS' SCHOOL (SECONDARY),11 BLACKMORE DRIVE,599986,BUKIT TIMAH,WEST,WEST 3,INDEPENDENT SCHOOL,GIRLS' SCHOOL,SINGLE SESSION,SECONDARY,No,No,No,Yes,1.3509676,103.8851201,8.3443,0,1,0,0,0
320,HAI SING CATHOLIC SCHOOL,9 PASIR RIS DRIVE 6,519421,PASIR RIS,EAST,EAST 1,GOVERNMENT-AIDED SCH,CO-ED SCHOOL,SINGLE SESSION,SECONDARY,No,No,No,No,1.3743464,103.9549579,15.2828,0,1,0,0,0
321,ANGLO-CHINESE SCHOOL (BARKER ROAD),60 BARKER ROAD,309919,NOVENA,SOUTH,SOUTH 3,GOVERNMENT-AIDED SCH,BOYS' SCHOOL,SINGLE SESSION,SECONDARY,No,No,No,No,1.3196165,103.8357727,4.3407,0,1,0,0,0
322,ANGLICAN HIGH SCHOOL,600 UPPER CHANGI ROAD,487012,BEDOK,EAST,EAST 4,GOVERNMENT-AIDED SCH,CO-ED SCHOOL,SINGLE SESSION,SECONDARY,Yes,Yes,No,No,1.3311804,103.9418579,11.3409,0,1,0,0,0
323,CATHOLIC HIGH SCHOOL,9 BISHAN STREET 22,579767,BISHAN,NORTH,NORTH 3,GOVERNMENT-AIDED SCH,BOYS' SCHOOL,SINGLE SESSION,MIXED LEVEL,Yes,Yes,Yes,Yes,1.3547231,103.8448747,7.912,0,1,1,0,0
324,CHUNG CHENG HIGH SCHOOL (MAIN),50 GOODMAN ROAD,439012,MARINE PARADE,EAST,EAST 4,GOVERNMENT-AIDED SCH,CO-ED SCHOOL,SINGLE SESSION,SECONDARY,Yes,Yes,No,No,1.3050915,103.8916532,5.0491,0,1,0,0,0
325,CHUNG CHENG HIGH SCHOOL (YISHUN),11 YISHUN STREET 61,768547,YISHUN,NORTH,NORTH 2,GOVERNMENT-AIDED SCH,CO-ED SCHOOL,SINGLE SESSION,SECONDARY,No,No,No,No,1.419226,103.8373908,15.1338,0,1,0,0,0
326,HOLY INNOCENTS' HIGH SCHOOL,1191 UPPER SERANGOON ROAD,534786,HOUGANG,SOUTH,SOUTH 1,GOVERNMENT-AIDED SCH,CO-ED SCHOOL,SINGLE SESSION,SECONDARY,No,No,No,No,1.3715451,103.8963988,10.9529,0,1,0,0,0
327,MARIS STELLA HIGH SCHOOL,25 MOUNT VERNON ROAD,368051,TOA PAYOH,NORTH,NORTH 4,GOVERNMENT-AIDED SCH,BOYS' SCHOOL,SINGLE SESSION,MIXED LEVEL,Yes,Yes,No,No,1.3413947,103.8778525,7.0346,0,1,1,0,0
328,NAN CHIAU HIGH SCHOOL,20 ANCHORVALE LINK,545079,SENG KANG,NORTH,NORTH 4,GOVERNMENT-AIDED SCH,CO-ED SCHOOL,SINGLE SESSION,SECONDARY,Yes,No,No,No,1.3887958,103.8900044,12.4284,0,1,0,0,0
329,NANYANG GIRLS' HIGH SCHOOL,2 LINDEN DRIVE,288683,BUKIT TIMAH,WEST,WEST 2,INDEPENDENT SCHOOL,GIRLS' SCHOOL,SINGLE SESSION,SECONDARY,Yes,No,Yes,Yes,1.3305833,103.802421,7.5332,0,1,0,0,0
330,CHIJ ST. NICHOLAS GIRLS' SCHOOL,501 ANG MO KIO STREET 13,569405,ANG MO KIO,NORTH,NORTH 6,GOVERNMENT-AIDED SCH,GIRLS' SCHOOL,SINGLE SESSION,MIXED LEVEL,Yes,Yes,No,Yes,1.3734769,103.8342533,10.1465,1,1,0,0,0
331,MARYMOUNT CONVENT SCHOOL,20 MARYMOUNT ROAD,297754,TOA PAYOH,SOUTH,SOUTH 3,GOVERNMENT-AIDED SCH,GIRLS' SCHOOL,SINGLE SESSION,PRIMARY,No,No,No,No,1.3403668,103.8400211,6.4092,1,0,0,0,0
332,MANJUSRI SECONDARY SCHOOL,20 UBI AVENUE 1,408940,GEYLANG,EAST,EAST 7,GOVERNMENT-AIDED SCH,CO-ED SCHOOL,SINGLE SESSION,SECONDARY,No,No,No,No,1.3274711,103.90172,7.3942,0,1,0,0,0
333,PRESBYTERIAN HIGH SCHOOL,5209 ANG MO KIO AVENUE 6,569845,ANG MO KIO,NORTH,NORTH 6,GOVERNMENT-AIDED SCH,CO-ED SCHOOL,SINGLE SESSION,SECONDARY,No,No,No,No,1.3820119,103.8431494,10.9524,0,1,0,0,0
334,FAIRFIELD METHODIST SCHOOL (SECONDARY),102 DOVER ROAD,139649,QUEENSTOWN,SOUTH,SOUTH 2,GOVERNMENT-AIDED SCH,CO-ED SCHOOL,SINGLE SESSION,SECONDARY,No,Yes,No,No,1.3016337,103.7840996,7.7502,0,1,0,0,0
335,NGEE ANN SECONDARY SCHOOL,1 TAMPINES STREET 32,529283,TAMPINES,EAST,EAST 6,GOVERNMENT-AIDED SCH,CO-ED SCHOOL,SINGLE SESSION,SECONDARY,No,Yes,No,No,1.3544746,103.9567463,14.0923,0,1,0,0,0
344,SINGAPORE POLYTECHNIC,500 DOVER ROAD,139651,CLEMENTI,WEST,,,,,POLYTECHNIC,No,No,No,No,1.311039,103.7767958,8.8387,0,0,0,1,0
345,NGEE ANN POLYTECHNIC,535 CLEMENTI RD,599489,CENTRAL,WEST,,,,,POLYTECHNIC,No,No,No,No,1.3324806,103.7733059,10.2375,0,0,0,1,0
346,TEMASEK POLYTECHNIC,21 TAMPINES AVENUE 1,529757,TAMPINES,EAST,,,,,POLYTECHNIC,No,No,No,No,1.3467555,103.9290816,11.1044,0,0,0,1,0
347,REPUBLIC POLYTECHNIC,9 WOODLANDS AVENUE 9,738964,WOODLANDS,NORTH,,,,,POLYTECHNIC,No,No,No,No,1.4449682,103.7853624,19.3663,0,0,0,1,0
348,NANYANG POLYTECHNIC,180 ANG MO KIO AVE 8,569830,ANG MO KIO,NORTH,,,,,POLYTECHNIC,No,No,No,No,1.3776128,103.8500314,10.4249,0,0,0,1,0
349,NATIONAL UNIVERSITY OF SINGAPORE,21 LOWER KENT RIDGE ROAD,119077,CLEMENTI,WEST,,,,,UNIVERSITY,No,No,No,No,1.2935017,103.7742639,8.6549,0,0,0,0,1
350,NANYANG TECHNOLOGICAL UNIVERSITY,50 NANYANG AVENUE,639798,JURONG WEST,WEST,,,,,UNIVERSITY,No,No,No,No,1.3529494,103.6892235,19.6117,0,0,0,0,1
351,SINGAPORE MANAGEMENT UNIVERSITY,81 VICTORIA STREET,188065,TANJONG PAGAR,SOUTH,,,,,UNIVERSITY,No,No,No,No,1.2968465,103.8522079,1.4422,0,0,0,0,1
352,SINGAPORE UNIVERSITY OF DESIGN,8 SOMAPAH ROAD,487372,TAMPINES,EAST,,,,,UNIVERSITY,No,No,No,No,1.3497254,103.684368,19.9754,0,0,0,0,1
